well,Rig Status Unified,WOBA,RPMA,SPPA,HKLA,BPOS,dTim,dt
D2,Rotary Drilling,1.111302625886682,19,3.6575044964922023,54.71872185845055,4.441422217188004,2022-03-24 01:14:10,4.483699323156165
D2,Tripping Out,3.734200941276131,94,10.103722333473666,49.24894708005896,22.09097866545061,2022-03-22 11:48:45,4.928653660137001
D2,Circulating,2.8138354058544297,81,2.1511024129981955,56.28700303164927,19.708518016370054,2022-03-23 05:26:00,5.160371709153344
D2,Tripping Out,4.977506125971215,64,14.9556073003776,58.16256949664563,20.421896262517112,2022-03-23 09:31:40,4.633580646176123
D2,Tripping Out,6.6689912470166,50,20.52700784085409,65.8325933037498,26.28979276155402,2022-03-22 12:19:00,5.061633254387501
D2,Tripping In,-1.0423716396861398,68,9.969847650994353,53.81079987109844,32.223020824848895,2022-03-26 13:20:49,5.191552067964624
D2,Circulating,-5.725548244494229,93,8.731579673511689,82.70231079327472,14.468325854341593,2022-03-21 01:07:56,5.067961642143333
D2,Circulating,0.9957856627096711,115,7.711857470944187,56.35304272628524,22.41767300603335,2022-03-26 06:01:24,4.502442932572255
D2,Circulating,-1.2619624400141491,117,12.648386869864268,71.8192779950067,20.675159955665315,2022-03-23 08:43:55,5.073325373545047
D2,Tripping Out,4.997005904146854,74,11.690930835016266,29.779223363604856,21.475010703661116,2022-03-23 15:19:15,5.658072756175554
D2,Rotary Drilling,-0.2645854482029262,54,13.639768138124303,66.85802669387485,21.616624959836063,2022-03-24 10:49:30,5.18613412415496
D2,Circulating,-4.157448934074597,66,6.344501987006666,51.44786578541191,32.938705411989034,2022-03-23 07:57:05,5.425163217066865
D2,Static,0.2429896504520399,80,10.673300880730588,33.650547134392866,13.561298910589485,2022-03-22 21:00:40,4.86687961700626
D2,Tripping Out,-2.8598637262302082,80,6.726605398490656,57.50223750640872,3.4853752729415017,2022-03-21 11:07:41,5.326410298953193
D2,Tripping In,7.560365575445107,109,4.422551375008898,50.21751927707894,11.309966012273,2022-03-24 10:30:20,5.107272237628995
D2,Rotary Drilling,3.7788303991064143,139,8.968972034853476,59.10827870896951,25.063319362763583,2022-03-26 21:22:14,4.534470735306736
D2,Static,4.373576711722093,53,5.027143881144273,63.44812642121963,18.126463891183594,2022-03-23 09:53:00,5.125549480767435
D2,Static,3.9965050743545802,140,14.400986193944348,38.27407001432553,13.486419170958325,2022-03-23 11:40:25,4.515479797944537
D2,Tripping In,5.024772741384325,104,5.298097221440682,63.48681569029389,7.731382324960613,2022-03-24 07:09:35,4.68255356413173
D2,Rotary Drilling,6.015939765389895,57,10.778065889659457,53.333130791367196,19.9974631998942,2022-03-21 04:04:36,5.065394172301211
D2,Tripping Out,0.3594805561213865,116,6.454033825734469,66.88925625945798,23.997554949182906,2022-03-25 00:26:05,5.115642509503958
D2,Connection,-2.6163995406236076,123,10.391335413542995,51.20231271089334,20.796932439079676,2022-03-25 01:40:54,4.4235022534708035
D2,Rotary Drilling,-0.679077588235736,43,6.809205142543134,48.531480005197636,15.511596113061946,2022-03-23 17:44:30,5.468000027445147
D2,Tripping In,2.031296973832889,125,3.5304584895847144,53.54029003461321,19.291952850627503,2022-03-26 19:18:39,5.243578480187984
D2,Static,-6.485379022140222,100,11.315689069076395,54.293496660389565,19.23714968788222,2022-03-25 22:25:14,4.64909928726758
D2,Tripping Out,6.047665192148248,148,8.099664577094668,46.594502759515095,19.69889599018234,2022-03-24 01:05:50,4.261300810563712
D2,Rotary Drilling,-4.228340584869608,45,10.431233142650015,48.27074231690819,6.712431270513692,2022-03-20 17:45:01,4.9097670914566365
D2,Connection,4.20972449950251,47,7.234707619428334,40.91483673340416,19.771005924756956,2022-03-25 13:53:19,4.7695958405841274
D2,Connection,1.6160569098799775,-15,3.214193499377365,48.89157536486726,13.741638504690886,2022-03-23 16:31:30,5.0299192288950945
D2,Circulating,3.1484145014175136,82,13.996077147367277,60.07746063367544,27.741435415892227,2022-03-23 06:53:40,4.808162160515659
D2,Circulating,0.5887888668133272,74,12.446972672527032,51.88491139393483,19.162252436382385,2022-03-22 14:19:45,4.042516780870739
D2,Tripping In,2.918621955752603,40,6.617079440064156,63.42787661919811,25.80254769688821,2022-03-26 03:16:14,4.796414320787294
D2,Rotary Drilling,0.5889315967837481,57,9.46441700662687,51.40085520118921,15.0536579281562,2022-03-22 22:46:35,4.834934438889805
D2,Rotary Drilling,0.30391361045624987,12,13.812024227181169,38.8543511098168,15.394552627327062,2022-03-24 04:18:30,5.272286451800225
D2,Static,-0.8491431654305135,105,7.1086250763988925,59.28167839953725,32.02897268524587,2022-03-26 08:03:19,4.652139239520512
D2,Static,7.342882995746524,42,7.802432909269871,46.48537466137302,22.030012902777965,2022-03-25 16:58:54,5.758870597778714
D2,Static,3.424745292174386,175,10.241843973319874,50.9181831805584,11.152684792604333,2022-03-23 05:17:40,4.087131219619995
D2,Circulating,2.8925568950462006,54,7.099445808665541,65.72864484121703,26.38377358434486,2022-03-25 00:59:25,5.5877501866668675
D2,Rotary Drilling,-0.7758647632588342,32,12.98507630158753,41.579422692546196,12.86540054045568,2022-03-23 13:07:35,4.8727897906696
D2,Rotary Drilling,1.3902919800709808,45,8.397101758686857,54.92664817014683,20.039163645809978,2022-03-25 08:38:44,5.377482171084091
D2,Connection,-1.153395674133697,8,5.646376590514797,52.859923225808686,35.26540871988807,2022-03-25 01:57:34,5.01439578025499
D2,Circulating,0.5237284881320887,78,11.874057948394515,60.32530853069958,4.37810858240746,2022-03-26 05:11:24,5.507843421838467
D2,Tripping Out,-1.903583466996337,45,4.045069305100152,61.878182018895686,16.244549754253143,2022-03-23 15:35:55,4.796872948873917
D2,Circulating,7.556938789438783,102,18.1623985985157,55.92440917413599,21.764768528367625,2022-03-20 19:34:51,4.46569345557511
D2,Tripping Out,-0.3747075259071928,50,16.22889715577988,49.639382921965314,25.133557715294693,2022-03-24 23:21:10,5.6386600943019305
D2,Connection,-0.7742319299864899,112,11.44860146279861,58.034141226708826,6.174363679328019,2022-03-25 10:59:34,4.924398850304541
D2,Tripping In,-2.2974116563358837,88,11.072239771014312,66.71622268289171,3.3903458098370187,2022-03-26 15:43:29,5.080401333193659
D2,Rotary Drilling,-0.42305156933898846,61,10.862561580053987,52.99311625435502,28.21524929669186,2022-03-22 21:38:50,5.552169204914029
D2,Connection,0.5111182558733285,119,6.965276916402221,50.576966421453285,11.096917507551003,2022-03-23 23:17:30,4.496734410131664
D2,Rotary Drilling,2.0169962138618445,96,10.481874296471716,57.17626451351563,10.701202783904218,2022-03-25 11:07:54,5.254513498558239
D2,Static,0.002540954329155909,170,5.024371937624644,53.65782188230115,32.558245315586795,2022-03-24 22:47:40,4.702568682402017
D2,Tripping In,-3.2271481699293263,45,11.405328158207418,39.79888243857428,18.56475936803542,2022-03-23 20:35:20,4.915696925797343
D2,Tripping In,-2.936272712030565,63,13.033169640793593,55.67764317599572,18.626533958034237,2022-03-24 08:20:45,5.010893109902579
D2,Connection,4.482107304466052,119,7.461679066394275,39.70773055917882,16.20657788072502,2022-03-25 06:07:24,4.278697915227078
D2,Tripping In,1.769148741683423,3,6.491240971980183,57.038427787205755,6.337420529851702,2022-03-22 16:41:20,4.614592490732361
D2,Tripping Out,4.378090594932292,109,3.730498495420562,45.241691792332674,24.292355556289916,2022-03-21 01:47:26,5.606331123272368
D2,Tripping In,4.82227330538624,77,15.671981408714466,53.63917245462354,21.775910796089015,2022-03-26 22:35:29,5.389870728576369
D2,Rotary Drilling,2.695058056804302,28,6.846466106234937,57.20066752781159,19.500360192539315,2022-03-21 07:04:41,4.948071706593643
D2,Rotary Drilling,-1.9800190249045597,10,8.263672790542168,77.97553199595686,16.806529100652508,2022-03-25 19:46:39,5.090442522386901
D2,Rotary Drilling,2.825237583801926,36,10.494600601584462,60.746424739767825,15.143086133870643,2022-03-25 19:08:54,4.8402316671562655
D2,Rotary Drilling,6.916106981461962,-24,10.414342042946295,67.00965421951122,26.53035740395645,2022-03-24 11:59:25,5.608896945006637
D2,Tripping Out,0.6715917136034708,42,12.490806204767367,72.1139767948661,16.57052335786108,2022-03-22 12:28:45,4.883949134785894
D2,Circulating,3.335848634578662,83,7.4561170299267845,58.19406670635797,17.30048666912046,2022-03-26 09:39:14,5.085189639774417
D2,Static,2.1376979966489977,43,4.060553653613585,56.14441850335112,22.9142818739428,2022-03-21 02:13:11,5.510858159172457
D2,Connection,6.824084099950351,112,3.2780106389812653,42.527385207008415,19.87151932332988,2022-03-23 23:25:50,4.61527489069563
D2,Rotary Drilling,-0.10721460068776212,122,6.562102698787955,52.093577772420645,33.42803844652944,2022-03-26 05:28:04,5.703048955355176
D2,Tripping In,6.084198630238162,108,4.895953070680486,45.987330061569324,1.258295328490746,2022-03-23 19:35:25,4.264617635220848
D2,Rotary Drilling,0.9164241411889575,69,7.794686958014825,49.229745473340316,20.740557491042228,2022-03-26 10:58:24,5.736039835967497
D2,Tripping In,-0.16252485198161182,-26,14.999536909149485,72.10305785776569,11.236886418655413,2022-03-25 01:40:54,4.803711290145111
D2,Static,2.555699752191396,34,7.465291764487805,54.42198148384189,9.001773780109215,2022-03-26 04:51:54,4.864231712905629
D2,Static,3.3420750354057422,55,7.463625345620449,44.44871187282722,13.5859926530831,2022-03-24 21:49:15,4.097202858143701
D2,Static,8.646876052780469,27,9.079051308249324,67.10766953682854,18.42276943008446,2022-03-25 17:38:19,4.76547459490191
D2,Tripping In,3.2645881640376966,55,7.338532266431086,62.886282520518144,18.842321148027047,2022-03-24 20:26:50,4.493078656232995
D2,Rotary Drilling,2.837723545689864,120,8.851026208004134,63.41366157965983,3.565048991776214,2022-03-23 21:00:30,4.694303104491718
D2,Static,7.580600729190699,-1,11.571009778484633,33.06874742936661,12.791875925746705,2022-03-23 15:19:15,4.913302865217871
D2,Tripping Out,4.216353058182953,128,13.108760459767353,72.88849357697316,20.56394666248346,2022-03-20 17:45:01,5.4232096539858
D2,Tripping In,0.006080803503650589,93,13.63849255678969,47.644367753272,9.617600582607665,2022-03-26 02:17:54,5.073903483870547
D2,Tripping In,6.768613086739023,70,18.350093956621656,61.100891773739924,7.369513787470275,2022-03-25 10:59:34,5.120500083115408
D2,Rotary Drilling,-0.3162616685949189,34,11.698410695829258,78.67929903008447,-3.41801202099289,2022-03-22 12:28:45,4.467137374625736
D2,Tripping In,-0.010729119708639434,28,19.144394566578843,74.96931122120999,11.637749227924242,2022-03-23 17:29:25,4.5671373984130215
D2,Tripping In,-0.6844428708245069,0,5.68015642557511,43.425101157707836,7.040171309799485,2022-03-24 11:51:05,5.8147690012725315
D2,Static,-0.9810257586375122,124,18.504068010386888,38.72346453192702,8.60626040157136,2022-03-24 19:53:40,4.6349104930310805
D2,Rotary Drilling,3.3106884884434695,117,7.451438987336331,67.66963590166938,15.336836985167402,2022-03-22 17:28:20,5.748409677537581
D2,Static,1.312350411909994,8,7.89126662405867,54.698209519751174,12.236643441402006,2022-03-22 12:53:55,4.864062946748769
D2,Static,-9.574892762628307,40,8.616343345309868,48.224660747496856,6.883193191168564,2022-03-25 19:46:39,4.978303559292444
D2,Rotary Drilling,1.2773217612280567,76,8.174767077518778,59.52276016311595,-2.0920452967799292,2022-03-25 15:55:00,5.4756266752327605
D2,Connection,0.4332950266736755,49,9.536238467175442,51.62790350694519,20.763277788254165,2022-03-26 02:51:14,5.569462742026179
D2,Static,5.2027887647389335,-11,6.55864707264714,60.329320122380196,25.021357074105605,2022-03-20 23:03:01,4.925641176810324
D2,Tripping Out,0.27998575338493326,36,12.863758740457506,53.94231114432114,14.156103599894145,2022-03-25 02:22:34,4.796462692104587
D2,Tripping Out,10.769131533511855,133,6.680246997209862,60.54140532908072,15.393967964605526,2022-03-24 19:17:05,4.951200298794994
D2,Tripping In,6.90663022246314,39,12.084102662871729,44.261100476824424,17.932527345959898,2022-03-24 06:52:55,5.13459960577608
D2,Tripping Out,0.866050263298962,54,15.983967599805403,67.61038571440636,32.827935292234024,2022-03-25 01:32:34,5.392251233955547
D2,Tripping In,6.07098358280138,18,7.5555128891845005,60.29205817942168,3.0886753238160924,2022-03-23 13:07:35,4.979207766498834
D2,Connection,3.9599417715175047,82,12.704659742644349,59.77527155461413,13.988388015023185,2022-03-24 21:08:39,5.265406974381154
D2,Rotary Drilling,2.9735922897690807,65,11.652798228645693,42.01439632989996,1.6306284189577624,2022-03-26 13:12:29,5.740098966219245
D2,Rotary Drilling,4.897926917208577,33,19.226710299680292,70.38099671849645,21.330439153221583,2022-03-26 06:34:54,5.154785406041667
D2,Rotary Drilling,2.3670847819417506,12,6.894910579793326,53.12978731617489,16.54533181917704,2022-03-22 16:27:15,5.122351501181321
D2,Tripping Out,2.9968706648654413,112,12.707737189939106,60.598403633096595,19.824556231671025,2022-03-22 16:00:40,4.269995872506668
D2,Connection,4.967911414851658,1,1.8812810207990305,50.017464824805224,19.353211057756997,2022-03-24 17:04:50,3.752305360989952
D2,Tripping Out,9.12331617990144,79,6.93503173420502,55.894707088007316,27.26970459968978,2022-03-26 12:39:09,5.1580755644942355
D2,Tripping Out,3.0335319918548684,-19,10.73266383660283,56.259579896499396,22.99216095049315,2022-03-25 10:51:14,4.933085737387741
D2,Connection,0.6500602880764155,87,15.382233731640252,24.874823861076454,25.755561482751943,2022-03-21 01:20:36,4.737542721355277
D2,Connection,-4.676248018611719,96,3.670325219087837,59.13239202307236,7.834995821370086,2022-03-24 02:57:45,5.090631913211042
D2,Connection,8.815154077141631,101,12.667576586017724,73.05634404794809,29.183292632080764,2022-03-25 17:13:19,4.949112772664399
D2,Connection,1.294298195450533,54,8.869663439624919,58.70278165575825,11.078506972532136,2022-03-24 06:01:40,5.502360558343244
D2,Rotary Drilling,3.9923897509371886,119,2.3485039545956177,43.62500408415844,11.621907518310909,2022-03-26 23:47:24,5.017333585255761
D2,Circulating,8.627867658778385,146,9.964391843423734,59.81216528921645,20.465849139457287,2022-03-22 23:33:25,4.62945232398019
D2,Circulating,2.9537687524086995,49,16.79530971650994,63.93549299312768,20.759562926280708,2022-03-26 22:00:44,5.438284078160266
D2,Connection,1.5261280552604315,44,4.142141824028315,58.42776749942758,7.775241981247577,2022-03-23 23:42:30,4.876136652414514
D2,Circulating,6.983982061405971,66,8.660769346695503,52.52152640292592,16.26820351814238,2022-03-25 10:18:49,5.222406714728455
D2,Circulating,3.741962601036062,43,4.740387844845769,50.829760402722364,31.972112752411398,2022-03-25 19:57:39,4.754944032341491
D2,Connection,4.165814949205709,37,7.057000626454694,50.787869237149216,4.027888740470974,2022-03-22 23:50:15,4.6746628039840115
D2,Circulating,-2.965300789105128,41,15.55667714993914,60.293604031280765,31.943606122826758,2022-03-23 00:06:55,5.0164290450240605
D2,Tripping Out,6.261298883198347,124,7.938195115850709,39.099967249311824,15.621535551864593,2022-03-26 12:39:09,4.983211572805191
D2,Tripping In,3.454086518003413,89,15.419822155655886,49.52360771585862,-4.189472429586466,2022-03-25 16:36:39,5.200657549671945
D2,Tripping In,-2.452860158265997,43,14.111785476440648,69.3336233857672,4.988213127135369,2022-03-25 02:05:54,4.852150146773658
D2,Connection,3.824310138533912,-30,7.530312194309899,69.72212902873608,8.799595377653684,2022-03-26 11:25:24,4.122183802627593
D2,Rotary Drilling,-4.788812841154386,3,6.90488750134319,38.384856322466504,12.008856774465075,2022-03-24 09:56:25,4.775728038593744
D2,Connection,10.102148490021293,79,5.145707295068404,41.876015158312015,16.916259668547234,2022-03-22 10:52:55,5.346859709692216
D2,Rotary Drilling,-1.5409277261240026,-18,4.989722273700099,50.54309059787785,-7.646147940177158,2022-03-25 11:21:09,4.838772597947651
D2,Tripping In,7.633510445422373,71,10.731834583034368,62.255115774632756,19.67155697938255,2022-03-25 23:47:34,4.862516046744132
D2,Connection,-0.5642023924714055,21,9.063907581239649,34.86758137009761,7.933709656674711,2022-03-26 19:50:09,5.436519484919092
D2,Static,4.078318883717597,64,6.363780056906119,52.71603849096979,31.048574629578177,2022-03-23 05:17:40,4.645725933473033
D2,Tripping Out,-0.8994905462664562,63,2.226714871502619,48.49351830972811,15.35237140829258,2022-03-25 17:38:19,4.258870984584634
D2,Circulating,5.555377237374361,65,9.627186406475017,66.61864457000425,26.817333138661176,2022-03-25 07:48:45,4.902444426091038
D2,Rotary Drilling,1.3887015996240457,46,7.052666403685846,36.38358555832748,28.400496405769736,2022-03-23 22:29:00,4.751794898524914
D2,Static,3.7657721722230333,45,8.279061575586747,54.19965536772518,28.14458838942148,2022-03-26 16:04:04,4.527330106085903
D2,Circulating,2.2352096409254627,34,10.514751358829592,49.30475145053563,12.552534827148506,2022-03-24 17:27:50,4.895577702307829
D2,Circulating,-2.4328299911012943,78,-2.035033433630529,68.06686994689306,12.431617067458633,2022-03-24 00:24:10,5.206095399594232
D2,Connection,3.888589407482012,90,2.2959746286559426,59.285481943325316,15.779614373190547,2022-03-25 09:53:30,4.972913256247274
D2,Circulating,0.48290823843771036,15,19.421482345220987,47.369482734568614,23.919400924691644,2022-03-23 04:11:00,5.1201762035674605
D2,Tripping Out,5.718326045375295,59,6.886951139826707,61.86039139207742,13.079095300357501,2022-03-25 07:05:49,5.821605619529059
D2,Static,1.3868723352568681,68,-2.104927831952562,49.35288576504849,16.778746853402403,2022-03-23 20:11:45,4.8175853794823045
D2,Circulating,1.92475186990746,67,2.6686246367314412,63.32985183871702,20.491852646799515,2022-03-26 15:07:04,5.106844233759771
D2,Connection,7.874002883890791,67,20.262278385390417,50.880831265562946,9.35332095044483,2022-03-26 00:04:14,4.740135930621407
D2,Tripping Out,10.23623842422722,46,6.00875943762586,63.88702271229638,8.755827548809313,2022-03-24 10:30:20,4.583152265814088
D2,Tripping In,4.841742920866098,71,14.335199037319057,57.65867350267736,16.41012260831327,2022-03-22 17:13:30,4.704890800662742
D2,Static,1.213501316375099,83,9.69399078444935,86.0968300176105,17.66191303584909,2022-03-25 21:28:09,4.754316432978717
D2,Circulating,0.9176050725004672,66,6.983735140562535,52.73529620283089,22.006859330500212,2022-03-23 14:29:15,5.144619043045267
D2,Connection,-0.5835457193302744,79,12.61997413700947,57.12282014249968,24.2563415639437,2022-03-23 00:06:55,6.071025901806857
D2,Tripping In,0.0704420531435268,97,-1.5098444424423416,48.44070203400945,7.518102597457851,2022-03-23 21:40:40,4.643830743701008
D2,Tripping In,1.2592454273797278,-8,2.7080097673072236,53.29492866096483,10.230492059346059,2022-03-22 23:03:15,4.783247215048771
D2,Rotary Drilling,8.825125880460394,95,6.9507159142812505,26.06389620641401,8.730837624694312,2022-03-22 12:53:55,4.947846606961294
D2,Tripping Out,1.517502121592068,73,3.1472609881822367,57.955721204585885,31.255798531405055,2022-03-24 01:05:50,5.161531952128321
D2,Circulating,-1.9608233529556722,19,6.555294223360076,66.78890181169587,16.769218576194024,2022-03-21 11:07:41,5.099954002301497
D2,Connection,2.325143272263012,90,12.969966504609985,57.26144325236523,18.058410623913705,2022-03-26 02:01:15,5.575144933215974
D2,Rotary Drilling,2.786504882894252,46,9.743263666025541,40.039000692632484,18.452021595850493,2022-03-23 04:44:20,3.8474502077695476
D2,Tripping Out,2.3047573921180033,51,15.1025578962402,45.194928390461634,11.141763688721415,2022-03-24 01:14:10,3.8658247821843386
D2,Rotary Drilling,4.887916105661177,42,10.026050176483277,28.79899087776967,32.690754768496475,2022-03-22 19:35:30,4.746345124475385
D2,Static,2.4175765651810193,72,13.590410744838017,63.12439271824391,21.79080771469912,2022-03-22 19:22:45,5.488168288713081
D2,Tripping Out,4.783232345672085,31,8.8658765737,43.133600249528214,18.280155949360964,2022-03-25 09:53:30,4.248233875667413
D2,Tripping Out,-0.4539454225419486,94,6.512822986545322,52.97883227309453,7.459563394240101,2022-03-23 16:14:50,3.5768103932981106
D2,Circulating,8.20466016864976,55,15.773100104543417,51.71995170579049,6.923885969349492,2022-03-26 09:39:14,5.243193468139544
D2,Tripping Out,3.037875763772643,47,5.9803512341247185,68.24738288178568,14.986304727217853,2022-03-24 08:37:30,5.090691056632736
D2,Rotary Drilling,3.5373599298405547,88,10.68996758346634,54.12656360583491,11.289947366941195,2022-03-25 13:53:19,4.469610298942745
D2,Tripping Out,-0.46803863447435434,49,12.590692692387039,61.41239900816038,7.816946591568467,2022-03-26 12:55:49,4.5183466783044866
D2,Circulating,3.7794559810245154,96,12.915320296930112,58.77007593121077,14.39983065958841,2022-03-25 15:06:34,4.525701630384434
D2,Circulating,4.38543317932419,97,3.9408239728824714,66.95541015394349,15.860380536583438,2022-03-21 08:16:21,5.028706211611595
D2,Static,-1.7705336051541685,11,13.856432746796866,50.86022360030513,19.246057349885863,2022-03-26 22:00:44,4.685610389553046
D2,Rotary Drilling,-3.4248622969796836,102,4.774747537779906,72.09250538962678,13.143137182501729,2022-03-20 22:53:46,5.2072865940499
D2,Tripping In,3.177120289753704,6,12.777639626371066,33.274834256671014,8.382562600528228,2022-03-25 10:01:49,3.648053612628558
D2,Tripping In,0.5318212491440919,104,11.545539850087328,61.90154276048216,8.710340981027135,2022-03-21 00:13:26,4.578266864041263
D2,Tripping Out,3.0630349779546426,136,12.813087150473251,44.54214919037629,29.370451190452755,2022-03-22 21:09:00,4.452919724271379
D2,Static,-2.18052142103656,93,3.763918071841916,48.30653837509022,6.074897523946994,2022-03-23 16:23:10,4.857879693356684
D2,Connection,-3.0915588193316594,-19,11.78145226275435,59.00115788866849,21.33860378680668,2022-03-23 06:14:15,4.726709924254651
D2,Tripping Out,2.8830654951070307,100,14.006876758076906,58.92048519839469,22.816488209333862,2022-03-24 03:47:50,5.348733994655222
D2,Static,1.0017124219028528,144,10.017198358743071,59.373838572519645,16.759720836787185,2022-03-23 09:31:40,4.111485149988518
D2,Rotary Drilling,-4.951681442280357,49,5.491740169345398,39.31106833702054,34.614710486253394,2022-03-25 07:48:45,4.998420193877506
D2,Rotary Drilling,6.725096235492692,59,13.265256029643826,67.8577559790831,22.64799202115562,2022-03-22 12:28:45,5.237213458283305
D2,Rotary Drilling,-2.2367145368538015,16,9.661801533095916,44.19953606325429,35.324276996895364,2022-03-23 08:27:15,5.841739108730777
D2,Rotary Drilling,10.884307529578354,72,1.6647003924357984,45.542299515915474,11.752391449717845,2022-03-25 19:17:14,4.75291611351474
D2,Rotary Drilling,0.07457160940751262,107,5.144854732935682,59.69068803455237,11.914188892800752,2022-03-22 11:15:25,5.128314173661012
D2,Static,3.5418956718725227,86,6.798929269271742,50.38097837302911,22.892014028479608,2022-03-23 19:46:45,4.137315203767701
D2,Static,7.752368471473361,177,15.886012616824821,56.371679763348,15.43470475807062,2022-03-23 02:33:10,3.863484396968151
D2,Circulating,7.186024931818974,62,15.100617387552365,31.553703660683905,33.838135765612236,2022-03-26 20:11:29,5.370586038358234
D2,Tripping In,8.899110528559977,0,15.086242727244795,56.13067118256921,21.135566126921386,2022-03-24 04:01:50,4.974649229805267
D2,Rotary Drilling,-2.965014662302023,67,10.191437508277748,55.46117677546487,8.033105014817457,2022-03-26 09:39:14,5.525982834107185
D2,Connection,-1.6559128279340927,-29,13.237742197338612,48.134272966232764,1.4903346757992857,2022-03-25 14:49:54,4.337747958735543
D2,Static,2.948342328156088,41,4.051111704499718,32.384621307197676,17.166486632630747,2022-03-25 20:22:39,5.219317507233053
D2,Connection,5.023340202517291,121,9.182804095394543,51.12518606493037,17.06361074866373,2022-03-23 10:09:40,5.847405949193279
D2,Connection,2.146320897394813,72,11.171967119575552,52.89158418622522,20.871541828169182,2022-03-22 10:38:00,5.172663529444849
D2,Connection,-3.3535346142593703,67,4.345711609765158,49.57036852224253,29.34888125529997,2022-03-25 18:35:34,5.106021414859231
D2,Circulating,3.8631359918677743,128,10.091055012854614,34.77998248138485,28.10527046133764,2022-03-21 07:21:21,4.981222162155181
D2,Static,1.5275442046499288,50,16.69459694213721,69.32480505149697,12.434444269741151,2022-03-24 22:05:55,4.245797063582939
D2,Connection,1.487016013810191,107,11.65105646588912,46.83537926403125,5.6773485899121585,2022-03-25 15:29:59,5.608426454493712
D2,Rotary Drilling,-5.517131808769055,65,13.25540743176035,51.03057642341417,6.241590492041945,2022-03-25 22:41:54,4.692807846548841
D2,Tripping Out,4.880454506218014,75,-1.8141475649593932,29.00759245838968,10.94203618395837,2022-03-25 08:30:24,5.212138094698612
D2,Connection,2.6751925079155185,15,16.11921645014204,69.32602680268084,14.439777419600567,2022-03-24 04:18:30,4.249450890550772
D2,Circulating,8.253463153898728,43,8.320091359808972,48.57033476251561,20.789277466116904,2022-03-25 09:11:19,4.428052710610988
D2,Static,1.9323799572982505,9,5.715015860032277,54.25928429822861,10.335568246823447,2022-03-23 11:18:50,5.645450351141147
D2,Circulating,4.098990825354322,57,8.37144705761416,64.55227110451423,20.556105831799464,2022-03-22 23:33:25,4.815525722513471
D2,Connection,4.996532549607478,75,2.5117470942684106,46.45837980855234,21.327808661663664,2022-03-26 00:20:54,5.653919168594842
D2,Static,-3.7192328957891148,19,13.83850846800327,62.96652521742566,19.26078725222647,2022-03-25 05:26:04,4.940812114147868
D2,Tripping Out,11.030951924443846,136,7.652579404863194,32.51300243304067,7.238712741139826,2022-03-21 16:15:21,4.119605178182992
D2,Connection,0.7278343218675956,71,5.8494162976410795,58.8156156336278,22.327657132508676,2022-03-23 18:18:15,5.392606930637633
D2,Circulating,3.8563352179101895,63,8.400883575897204,69.09834122828093,37.57721363951439,2022-03-24 22:56:05,4.702569817924316
D2,Tripping In,4.349991549861469,89,14.151859465321085,47.42384180754787,20.230072819072262,2022-03-26 00:54:14,5.302564995140601
D2,Rotary Drilling,-0.5703845486165804,30,9.740230391809543,64.53358534555792,-10.005210417143399,2022-03-25 01:07:45,4.988977041894213
D2,Circulating,8.42864456960699,66,2.848596180908471,71.73312616122445,29.63421446065918,2022-03-25 08:30:24,4.258724308293813
D2,Static,3.083434357647735,34,11.231656498715829,50.701962170548576,11.263899020052653,2022-03-22 13:02:15,5.053737937348515
D2,Connection,1.4625600262466438,118,4.998224127046557,49.86941630359232,39.320488772465154,2022-03-26 15:43:29,5.999853938064882
D2,Rotary Drilling,2.6525539984335613,21,-0.4891441928539031,44.22323148751552,19.005780019107895,2022-03-26 07:54:59,5.206784901867244
D2,Connection,4.768102044896969,63,15.84214002534175,48.13556561319619,1.9829096112488678,2022-03-24 01:47:30,4.95045655440573
D2,Static,2.220786197560513,73,11.196996231496799,45.05826843150713,-1.60865387078654,2022-03-26 00:37:34,5.477944667445053
D2,Connection,5.165952858129979,75,8.802376217282038,44.21500180123815,32.45891969458732,2022-03-25 13:11:39,5.075330676504738
D2,Tripping In,-3.5120224980002464,39,7.60690596703223,65.33861572985886,28.35849371858071,2022-03-23 13:39:50,5.074802548723333
D2,Rotary Drilling,-0.3444959006886248,27,15.39976086418796,45.31435464318882,38.94532029462913,2022-03-22 23:11:35,4.468950618025167
D2,Rotary Drilling,-5.046686039508005,39,22.957342386125656,55.87087294141791,18.009217039796454,2022-03-25 05:50:44,5.086123651991
D2,Static,8.93586629784419,80,11.159212893945066,53.652852116512605,17.371667853056877,2022-03-25 19:17:14,5.459366249436303
D2,Tripping In,8.891861042239672,55,4.548122196574441,68.35177050408586,14.288672981966808,2022-03-25 07:32:29,4.587947067522169
D2,Circulating,4.3027747891808605,90,8.461652517200976,48.201756539007675,11.684092196627674,2022-03-26 03:24:54,5.6405186510331315
D2,Connection,-1.239231638606888,78,11.077792110148701,57.10555990699101,14.19689110478691,2022-03-26 15:23:09,4.934537651588256
D2,Tripping Out,10.264101632645183,-24,-1.3541009801461374,61.23294219588102,19.961331866742416,2022-03-26 01:52:54,4.563870844817388
D2,Connection,0.1408438990980181,70,10.64817638008483,68.26774756938528,9.929782516355928,2022-03-23 04:19:20,5.4417603565735835
D2,Connection,1.4634576760113445,144,11.103962787130428,48.05478244091201,2.128570922297939,2022-03-22 21:00:40,4.843699765445975
D2,Circulating,2.723637890244445,110,15.083441927627455,47.046510641013484,19.417047586210245,2022-03-25 04:02:49,5.330887116382898
D2,Connection,3.710787349226095,76,14.61740196073031,42.577125187029274,9.719061708493161,2022-03-22 22:33:21,4.8413882199036244
D2,Tripping In,4.360879900961426,21,9.649515567098554,75.7845431847104,-12.711784669650392,2022-03-23 23:42:30,4.949381710805911
D2,Tripping In,4.4966516184677605,78,15.925447201647312,67.20774227965592,23.128588831394154,2022-03-24 03:38:15,5.207052052081145
D2,Rotary Drilling,1.6956648078844887,88,18.255409740428476,52.84297714100943,7.433074284706672,2022-03-25 03:29:29,5.11268708918125
D2,Static,4.443029002799108,51,9.277374081662469,72.71499151293717,24.160908000327368,2022-03-25 14:58:14,4.048069392569168
D2,Tripping Out,1.5445963001574643,72,11.022406936379715,52.24225776216246,23.934624850768216,2022-03-23 12:44:40,4.455159481801036
D2,Connection,4.142817833009808,116,1.2494853740777563,60.561769729148644,20.586332310734615,2022-03-22 20:26:10,5.409994466740295
D2,Connection,3.8655486309468863,29,2.6640049568811115,53.37030867253535,41.504793549628374,2022-03-25 10:01:49,4.915712182801494
D2,Circulating,4.763352260875357,21,5.404185104439327,57.273278488895215,16.601157887444163,2022-03-24 00:24:10,4.733376019370895
D2,Static,4.341149583354848,86,7.168635988307773,56.20555210878748,15.206223345149073,2022-03-26 06:34:54,4.344652648316188
D2,Tripping In,0.6884812598506054,77,4.250803512536496,48.98883624848779,24.367736228894724,2022-03-26 06:51:09,4.474486360416142
D2,Tripping Out,3.735109967587189,99,8.991420217849628,64.2679417408372,17.381899370502,2022-03-25 16:36:39,4.035838894508733
D2,Rotary Drilling,4.3933263888180925,82,7.302381918561862,60.476608038454984,28.874440826816397,2022-03-22 21:17:20,4.930079437497002
D2,Tripping In,-2.180820011208998,39,13.941149110390548,63.61544961348184,5.91376519495379,2022-03-25 15:55:00,4.698590932653627
D2,Static,1.2577760631123023,76,7.029317355278665,56.49216542073589,6.070958480321666,2022-03-24 09:23:05,4.527171062090194
D2,Rotary Drilling,4.240221687303013,18,-1.0732292883820325,44.139901474449175,25.14405988197271,2022-03-23 07:57:05,4.945518291696306
D2,Circulating,7.963142504817987,51,9.714709142068093,70.47920339129045,6.896680141062337,2022-03-23 14:54:15,5.146711948365939
D2,Circulating,4.973143856059625,79,9.088892501736282,50.62428815900305,23.66289715283974,2022-03-25 23:47:34,5.951882857628249
D2,Connection,8.176425156355407,47,5.29751811575535,56.93357608872445,21.40306862201924,2022-03-25 18:12:04,4.273268005958048
D2,Static,0.837438123835295,152,9.577197324839199,59.665361409295585,11.341964112682767,2022-03-21 12:04:26,5.517074667324073
D2,Tripping Out,3.030135994705335,-10,4.344077049971037,56.86666636555012,21.376295313352852,2022-03-21 07:52:56,5.430338342949036
D2,Rotary Drilling,4.908350229421146,40,10.627341426470894,62.484959294474876,6.2371358687747875,2022-03-26 01:10:54,4.614473432105111
D2,Tripping In,-5.680769379224487,26,20.926140027591284,64.0754218049062,8.455346894630129,2022-03-21 16:15:21,5.071869916125255
D2,Static,7.292079829237901,34,1.078181362684246,51.004107394464974,15.664168837924683,2022-03-26 16:04:04,4.764152904365711
D2,Static,-4.107179879236429,37,6.8438812018641695,69.63425008648547,18.651954799269255,2022-03-26 10:12:34,5.063699425639502
D2,Circulating,5.5547850690794895,11,6.127226330162674,50.580516248500004,15.036104959370538,2022-03-23 06:14:15,5.67992688531884
D2,Connection,4.506355178428849,88,7.214956170125581,56.65851927241661,21.99958620068606,2022-03-23 23:42:30,5.259223448179469
D2,Connection,-5.725536204849226,40,13.713221528632165,49.36447152465141,21.577578197597518,2022-03-26 00:45:54,5.214058850913057
D2,Rotary Drilling,-5.5546959006766645,66,11.579762482969386,46.486881125483954,32.36086961647443,2022-03-25 02:14:15,4.776875600247647
D2,Circulating,7.027287179108557,44,12.947846842354906,63.781548041199436,17.00536816352265,2022-03-24 10:30:20,4.286224829688983
D2,Static,6.291073539367532,35,9.288750413584204,84.70136537331153,29.19645455869569,2022-03-22 20:08:50,4.8801702958834525
D2,Tripping Out,-0.7937895501278271,122,3.2402959215944582,49.62543532455309,26.608258348225867,2022-03-23 04:52:40,5.539064776044589
D2,Circulating,-0.7972219610166169,95,4.167797540853284,65.50461128231719,39.587633338950326,2022-03-25 11:57:34,4.266151194854918
D2,Rotary Drilling,3.917320260520973,-9,12.489462946304432,49.98638423775944,16.70317644739497,2022-03-23 12:35:55,4.485962590071905
D2,Rotary Drilling,2.141193136601823,-13,9.91629849754932,53.162320551829076,13.932916836249454,2022-03-26 10:46:04,5.036031614066232
D2,Circulating,5.749032364007249,99,14.787704230062156,70.96449211423467,29.793139178578215,2022-03-20 23:39:01,4.518758670412737
D2,Rotary Drilling,3.8056708739690794,41,10.4637747327519,42.458775242206215,21.548903637845388,2022-03-24 10:30:20,4.608219763108926
D2,Circulating,7.536270503524009,-1,3.862245085309244,39.794355096416105,30.019645823238903,2022-03-26 14:51:09,4.780000285588541
D2,Tripping In,5.4639676669923976,99,6.818572364639676,52.38991283342006,24.680832248785162,2022-03-20 18:16:41,4.341373072596583
D2,Circulating,4.62110551756909,67,11.678085304612772,59.95005085404847,-2.0062300820125714,2022-03-20 22:18:21,4.523663066594769
D2,Circulating,0.9937979870805191,70,12.328805742706965,57.93641500827453,21.46279239185643,2022-03-25 09:02:59,5.304771638585458
D2,Rotary Drilling,0.7463314777030385,90,12.976207206637339,56.89946478046932,20.84744010403056,2022-03-22 23:03:15,4.368494602946257
D2,Rotary Drilling,2.0092897940968353,12,4.463653543467989,53.61155576842473,19.16403179429159,2022-03-22 12:45:30,4.233229538063485
D2,Connection,8.40823348780231,0,3.7816858886284868,61.18733420879615,16.656060084691465,2022-03-25 17:13:19,4.683883060116492
D2,Connection,0.8107248730075767,119,8.303634581748376,23.9309677779124,2.8577194560080557,2022-03-23 03:06:50,5.318054786565626
D2,Tripping In,3.065088905602936,7,15.592018991490054,45.70824983137869,26.168301385250608,2022-03-24 17:04:50,4.885546585875738
D2,Connection,-5.405065015045792,15,6.0495825899680025,52.325334538485855,21.43865925468611,2022-03-22 23:41:55,4.7609178238125685
D2,Circulating,4.469087852972305,23,11.186899109587461,60.36164734763065,28.321176222710463,2022-03-25 09:45:09,4.997892790666386
D2,Rotary Drilling,9.815530347794034,137,11.187298205089656,68.26790396412085,3.362319510139953,2022-03-25 19:33:54,4.164393774533706
D2,Connection,-0.972212153796582,79,12.554361520296032,44.356078427000924,22.69917692517512,2022-03-21 08:50:26,5.207585401610724
D2,Connection,12.916595184575765,96,16.595329055959585,67.93879292713433,15.688066176830496,2022-03-23 11:18:50,5.155775053648582
D2,Tripping In,2.8004075471549967,68,16.136824270658735,48.7111785218974,19.264984949458167,2022-03-23 13:24:45,4.786654112385544
D2,Static,-6.514418030412667,38,6.493458778334038,51.959866807575274,15.796756342379496,2022-03-21 06:12:41,5.445621518911239
D2,Tripping In,0.8808318546586047,84,-0.22886383670736876,59.1221661821828,23.04390790485545,2022-03-22 17:13:30,4.452248229206712
D2,Circulating,6.682293799862768,3,6.11817456866911,51.221565591682875,16.366558092090568,2022-03-24 00:32:30,5.502420504084362
D2,Rotary Drilling,8.943672849913085,20,9.490769339834118,64.44534303352448,7.963723880543631,2022-03-26 00:45:54,5.0491743033996
D2,Tripping In,4.612063428480203,88,7.535198179221736,49.19404892609815,18.722818831863712,2022-03-25 05:16:59,4.820531047710153
D2,Connection,7.484082425682544,10,17.95231788733644,49.34577586656378,15.881679549029553,2022-03-25 13:28:19,4.967984584643567
D2,Rotary Drilling,-1.79763825188045,53,9.236363064900956,63.85997186862559,17.11776355566936,2022-03-25 02:14:15,4.9272931174751236
D2,Rotary Drilling,-0.11558387780900281,55,12.075612981042722,45.58421255490197,-12.223835949481039,2022-03-21 05:58:26,5.545432073207987
D2,Connection,-3.493722434943713,41,10.123708653536296,55.774285624399354,24.357941216910064,2022-03-21 02:13:11,4.47590986530396
D2,Tripping In,0.13865108635338075,-12,7.602328384741461,36.54897223886066,14.931900722852621,2022-03-22 17:13:30,4.622190462850264
D2,Connection,4.760213802114034,37,0.5451220212778853,71.58931175379885,5.16380576318851,2022-03-26 02:34:34,5.459766442513589
D2,Static,2.9032366645265353,30,8.8008246359254,65.41631233571066,26.62563035754772,2022-03-26 21:22:14,4.699942475988552
D2,Rotary Drilling,5.118347521689509,66,23.70632396282167,80.9579227104671,23.920614055181673,2022-03-26 06:16:29,5.39654866593818
D2,Tripping Out,-0.9819351711152811,65,3.5874860508249453,66.74348708130863,14.812276275574877,2022-03-23 14:54:15,5.768537575939474
D2,Tripping Out,-0.7757404790499605,74,1.03673917818921,41.89377013696496,7.016162634287436,2022-03-23 08:52:15,4.79015255881419
D2,Circulating,2.8760358488474513,35,17.811414918988753,60.00033230268112,19.5886322039999,2022-03-22 10:52:55,5.294497355198616
D2,Connection,0.14681675674541372,80,12.47078565520388,44.02472670408861,19.069508438684775,2022-03-22 23:50:15,4.440050640159256
D2,Connection,6.585637313919413,3,9.990475666554447,69.1566928316856,26.642366864497568,2022-03-26 06:16:29,5.328660690338948
D2,Circulating,0.06306942851364505,-7,15.245907741193378,42.18082847237589,13.711969611380084,2022-03-26 15:07:04,5.070094969465126
D2,Circulating,0.5094419779818835,-26,5.4341206016996715,41.69738342500382,29.19984486896864,2022-03-26 12:55:49,5.197496538630864
D2,Circulating,3.600312875323643,42,8.675718175068837,37.05916599988825,12.799728532878266,2022-03-26 23:00:29,4.676643950141769
D2,Rotary Drilling,0.8681538263842563,33,13.42358475870727,48.35053593467977,5.185750301623536,2022-03-24 11:51:05,4.203796805526414
D2,Static,-1.9908838157746915,90,18.589341731332,46.32573844794307,7.204122305131483,2022-03-23 03:40:15,5.21156482148794
D2,Connection,-1.5324790634116137,36,3.926954220549785,40.56471172673057,17.316077015842488,2022-03-26 02:26:14,4.016466806671094
D2,Rotary Drilling,4.002385806095811,71,14.8794959037565,73.3027016458181,17.286749101555248,2022-03-22 12:28:45,4.829472018281747
D2,Circulating,-2.4093220145530703,91,10.859867995319858,58.60310583037902,21.00476365733702,2022-03-26 09:02:49,5.41547574535973
D2,Connection,6.907884006938683,35,9.881549349679833,57.41856079315454,17.05178777410009,2022-03-25 05:50:44,5.0665905616624896
D2,Rotary Drilling,-0.14985792153279087,71,9.117819313185977,69.26872648419734,27.143150657002423,2022-03-26 02:17:54,5.884434660741709
D2,Static,4.2676130913308805,98,2.960600557340811,55.84807614669511,15.438216380809966,2022-03-26 15:07:04,5.4545543611425025
D2,Rotary Drilling,0.05294804072269388,15,13.459067497247938,45.72964688315332,-0.9619663828285887,2022-03-23 05:57:35,4.672767011781549
D2,Static,-0.9100155526800404,61,5.654277507963302,36.14897184178824,16.761410656794872,2022-03-26 09:47:34,4.989956023516895
D2,Circulating,3.0163190990452273,35,4.324284610811902,45.16200129582696,-1.061230689639995,2022-03-25 21:44:49,4.955181271532058
D2,Static,5.740202430270533,17,13.111926024117665,68.4254839122566,20.471032410802216,2022-03-24 07:26:15,4.240537690235902
D2,Connection,1.34796569527759,4,12.681185814548384,40.628275394057056,27.898089327654993,2022-03-21 03:23:16,4.5393652949681025
D2,Circulating,1.9629100319367423,16,9.505650354730959,56.82342650958959,8.584601170870597,2022-03-24 02:08:25,4.716134121751808
D2,Connection,4.914037028970054,63,13.979822473023154,63.6781832106234,31.313540818769333,2022-03-26 11:38:19,4.029123719210208
D2,Tripping Out,5.025976631918133,1,15.528802271470848,56.140945202908924,25.872035801173446,2022-03-21 05:43:11,4.9993523707255205
D2,Tripping In,2.0541444395938093,40,15.0024223767041,57.28513819127292,29.309086223033013,2022-03-26 19:50:09,4.8612642417330445
D2,Static,0.6849397589800923,91,6.790055356723551,59.86897644227125,19.697638225548058,2022-03-20 17:45:01,4.19829755187816
D2,Tripping In,2.4637266966726084,77,13.687197565384935,57.08675986502002,8.522781435298537,2022-03-26 07:46:39,5.165449725902165
D2,Tripping In,1.538835898345692,41,10.098786152581766,69.46919201635825,25.285889429155514,2022-03-23 23:17:30,5.3105662575987775
D2,Static,3.242398194919421,123,16.870195903678823,42.79349497674857,12.00250904849014,2022-03-23 08:05:25,5.0829510963828595
D2,Circulating,-1.8533711935311725,131,8.599101254086676,55.68865911444299,19.020156363084737,2022-03-25 22:16:55,4.826344099298525
D2,Tripping Out,3.1213888394054345,61,7.558333361647301,34.96055503365706,16.286428956455264,2022-03-22 18:53:50,5.252628302549032
D2,Connection,-0.24419763454439947,-31,6.407641393748385,32.3879416916667,28.536096809875474,2022-03-20 22:18:21,5.2939656275991
D2,Rotary Drilling,5.246950276630145,93,9.998828941106332,52.445568815370294,24.808694952122227,2022-03-26 09:47:34,5.120372928613564
D2,Connection,-0.08923441124977094,-25,11.239458068302094,58.73902206401109,17.144490899870906,2022-03-22 15:16:10,4.593278424323874
D2,Rotary Drilling,-0.030549321208567903,115,11.325480134926153,69.68661176141222,-0.5397738615494632,2022-03-23 15:58:10,5.106030382753383
D2,Connection,3.6901062858540645,101,10.713791757836011,77.63207205639347,11.902071454328174,2022-03-22 23:11:35,5.5338835355347875
D2,Static,2.232327489889037,126,12.15308649574087,66.557185127484,24.561964592117913,2022-03-23 13:07:35,4.699433025117303
D2,Tripping Out,9.881299210336365,70,8.157232820985337,60.58951177370465,20.553443231485694,2022-03-22 17:13:30,5.954090573710435
D2,Rotary Drilling,-3.3241502005451506,47,5.250719398751993,54.87853049266147,3.698167456985489,2022-03-22 11:40:25,4.732491504194314
D2,Circulating,2.5556756599477257,44,4.860279652935206,37.85039937279601,0.8308843758686209,2022-03-26 22:27:09,4.992327744981346
D2,Connection,6.003455837395208,40,13.512558903956814,51.79749050535401,19.75383054098641,2022-03-23 09:53:00,4.6641123491485805
D2,Connection,0.2290859880828191,97,11.255542220346078,66.26032009217872,7.915121652447349,2022-03-21 08:16:21,5.081198651340217
D2,Rotary Drilling,-0.8941812176772221,87,0.8535555078483323,62.31243028459461,8.824935743625332,2022-03-26 03:16:14,4.166016821211093
D2,Circulating,-0.7599844313411048,65,14.0567802777075,40.31616520819107,24.26315759447909,2022-03-21 03:23:16,4.722987701783735
D2,Circulating,-3.265521405985611,34,17.561202393382846,59.450336941897476,29.268998601971916,2022-03-25 23:39:14,4.468719655058056
D2,Static,6.747429492350239,158,5.950987262242501,58.58812475258744,10.810656423947428,2022-03-26 07:54:59,5.040255114719202
D2,Static,1.069892080888709,94,10.65560324745156,56.790832908264356,17.482908734489566,2022-03-24 01:14:10,5.44027748099726
D2,Static,0.6695661932050176,1,7.035200163167204,52.987421233499674,17.20421657426593,2022-03-25 18:35:34,5.278034664067568
D2,Static,-4.996979954619164,41,11.962008588890363,59.969462712876705,16.353978216363995,2022-03-23 09:15:00,3.872935108211428
D2,Static,-2.662875895110984,95,3.938291988495365,60.288933538310026,18.289682617592632,2022-03-25 19:08:54,5.9280762689361515
D2,Static,7.138543677379463,31,8.832895883413178,46.80922843287363,25.056060508904068,2022-03-25 10:18:49,5.114727867691039
D2,Tripping Out,3.209034314806502,73,13.540565567554605,57.849295390972344,11.536325471021682,2022-03-22 23:50:15,4.615681075756013
D2,Circulating,6.12804474498976,96,14.678165938872258,51.36092598869748,3.4897075732587552,2022-03-27 00:34:34,5.050400876794648
D2,Static,5.7003387238464045,-65,11.059561476373254,38.293364170022365,33.87919816140568,2022-03-24 03:11:30,5.059276569522135
D2,Circulating,-1.1986688967602181,56,7.63625942434974,47.613232352262486,28.202703032655094,2022-03-22 21:17:20,4.666737019156029
D2,Circulating,10.39923241066297,58,2.030681939570293,37.52355271187236,7.474861219854667,2022-03-23 11:27:10,5.069393124703167
D2,Tripping In,8.776034667856763,45,5.7648158697522875,63.13616835861849,19.187897994518835,2022-03-20 22:53:46,4.69438415007738
D2,Tripping Out,0.27826885356522557,72,7.05391301033843,56.851237691868825,27.458678298810426,2022-03-23 23:25:50,4.788957316208402
D2,Static,-9.879291355915628,85,6.032297240685212,49.68855885796767,24.985599267878044,2022-03-26 13:12:29,4.657689736613648
D2,Connection,0.9788973268856893,66,9.41868788102542,67.57070825239045,22.272711274168227,2022-03-23 14:19:55,4.3101511285785294
D2,Rotary Drilling,2.9899233745146367,47,7.623548798742937,53.95247147722884,16.297053469360286,2022-03-25 10:42:55,5.045143299569047
D2,Connection,0.2649057266185102,84,9.922064691678035,38.8573238134536,34.23168465402901,2022-03-25 21:19:49,5.249768102731669
D2,Tripping Out,1.4353460018554927,62,14.530220881341897,48.84290875436926,19.9934250266886,2022-03-25 11:07:54,5.216980749542752
D2,Rotary Drilling,-0.6172901659637509,52,7.334788390167129,69.70862609008687,13.038793936300706,2022-03-22 11:40:25,5.3590156733388365
D2,Tripping Out,5.3001888991117685,12,2.968558662875849,46.52713479679514,26.138990309209255,2022-03-26 01:02:34,5.128259046335402
D2,Circulating,2.399413717261519,3,6.014527367786691,56.039014096430314,18.81386784306906,2022-03-22 18:19:25,4.729188099992548
D2,Rotary Drilling,5.401206512085526,11,11.762039212923407,60.75776878008418,21.212098676576883,2022-03-23 07:32:05,5.368206458144773
D2,Circulating,6.3163666546201,71,12.183971796361687,59.20791097208974,19.826040964919265,2022-03-25 07:57:04,4.345144569343733
D2,Connection,-5.166784853468474,58,10.96829045013391,77.93079120981844,22.601268984852158,2022-03-22 21:47:10,4.557863415270608
D2,Connection,-0.42074160034417485,6,14.968943467477814,41.424034332441295,8.658023109790415,2022-03-23 05:26:00,4.528282889810262
D2,Rotary Drilling,0.07452912985287119,84,8.319014912678924,42.429296118693124,4.1907408110436055,2022-03-21 05:19:51,5.4801389969387095
D2,Rotary Drilling,10.877706105475578,111,18.32913905047698,41.59065950000986,31.46075870510013,2022-03-25 08:13:44,5.416223840190669
D2,Static,2.6880441593053264,38,12.811103818283758,50.28837396732987,20.264927675885225,2022-03-24 18:07:20,5.204139584937134
D2,Tripping Out,4.93142554127243,-4,-2.1320014001120615,64.33720288786206,25.191674832191932,2022-03-25 07:22:29,5.476355240489617
D2,Static,-4.174059497105174,34,17.20446242927802,42.8796544230563,1.27348925680705,2022-03-24 22:31:00,4.56782247535325
D2,Tripping Out,2.6684693212244817,92,5.722616496755758,64.47799484603438,27.987785693273096,2022-03-22 22:16:40,5.139552730976827
D2,Static,5.49174204859427,81,4.528149131015613,53.62157099766552,12.977109390531748,2022-03-26 15:07:04,4.918953936566668
D2,Circulating,5.098454757843292,26,11.4945514375501,42.10172460613762,10.285942156920889,2022-03-23 16:23:10,5.371567448582333
D2,Rotary Drilling,4.291899847004458,117,1.379688539944289,35.63385448101762,17.306988123969052,2022-03-22 23:50:15,4.923586993318819
D2,Connection,2.228231986719336,110,6.042423731889873,37.88722637826843,8.66252245862194,2022-03-24 20:26:50,4.797999330429359
D2,Tripping Out,2.39243354547345,33,16.115324655323803,46.56360584800631,17.889596327104346,2022-03-24 08:37:30,5.2290985957530065
D2,Tripping Out,-3.5404014823969616,33,11.639643662201808,51.564756602347884,16.617353167812684,2022-03-24 12:29:15,5.3852042280696
D2,Connection,-0.860288322832897,38,12.784508783010407,66.8210085495879,27.928361796376002,2022-03-23 23:42:30,4.666040222114568
D2,Static,2.96506632409257,42,6.2148479638584035,61.31367824712577,32.20943378731243,2022-03-22 21:47:10,4.9487998998131175
D2,Tripping Out,-0.23632833442912426,96,2.273189337909689,44.820834537156514,31.908602750824546,2022-03-24 22:47:40,4.484402158161374
D2,Circulating,4.513138708923135,76,12.313087271851332,57.38262298455923,-3.497241368735761,2022-03-22 16:27:15,3.8140793772589854
D2,Rotary Drilling,3.7624014774612857,93,13.312247513259717,69.89683124294156,9.067175803838103,2022-03-23 05:49:15,5.0705771915359
D2,Connection,6.80715434700531,85,13.109844102792527,72.1358218916869,-3.5952709378890297,2022-03-24 17:19:30,5.260759601561659
D2,Rotary Drilling,5.423992647484631,124,10.087285962891542,50.10222777890825,6.625124130548494,2022-03-23 03:23:30,5.099263013940577
D2,Tripping Out,2.9526161804118103,21,4.827903141492343,62.91661907534193,11.767001590132052,2022-03-26 10:12:34,4.069474188313393
D2,Tripping Out,4.713089632944026,75,20.053457979184646,67.26294829897196,21.786412363913918,2022-03-23 23:50:50,4.81387408606433
D2,Connection,5.582379893070205,-20,11.29786784652378,38.09362054215168,12.991782098892898,2022-03-26 03:24:54,3.944320773315142
D2,Circulating,0.46870933945678006,12,8.374806275578942,48.10861236135197,13.255132531682762,2022-03-25 18:52:14,5.615004880037483
D2,Tripping In,1.0708601655607564,58,8.39464919993915,75.62061566013024,19.62392385196051,2022-03-22 18:19:25,4.471544422231782
D2,Connection,1.8569248025308793,76,9.821343657605027,50.23684543967515,1.750316569737091,2022-03-26 04:14:49,5.561785143988166
D2,Tripping In,0.5765812801916212,57,13.935394116814074,23.777128735989727,9.979947950555697,2022-03-22 12:53:55,5.417658490149414
D2,Static,5.61816546679519,39,10.000350357578247,52.04996134905486,13.146566639974942,2022-03-25 23:55:54,4.557901144827468
D2,Tripping In,0.06343571904327705,46,12.99143134599567,64.59141879586629,15.992948527468599,2022-03-22 11:32:05,4.449785609038823
D2,Circulating,6.4159263790499805,111,9.829393730673019,53.33344244392197,18.633299032482174,2022-03-20 23:03:01,5.140379259728847
D2,Static,0.9435974929686779,46,8.649964831610998,60.470682895765364,32.089448919079175,2022-03-25 08:47:19,4.584100129922169
D2,Tripping In,3.7813818881325436,125,12.019888432043242,62.71457598953388,26.491159614740475,2022-03-23 04:11:00,5.024957618491965
D2,Static,2.746904038273062,90,11.850121627161723,49.694128463333556,10.634781772256332,2022-03-23 00:06:55,4.752421797175129
D2,Tripping In,-1.11536313063214,77,8.393822457151966,48.03827336739958,15.435995632329059,2022-03-24 13:08:00,4.147886922559112
D2,Circulating,2.117034998461026,16,5.802122507418327,54.81284343843354,14.792248973922488,2022-03-25 04:19:29,3.9386772815596354
D2,Tripping In,3.312278288374036,95,10.680505788008206,55.05789516945932,13.046418916327879,2022-03-25 00:01:05,5.082788020478681
D2,Tripping In,1.9669152133920735,42,9.502737396774346,53.81237456238527,20.481663951996296,2022-03-26 04:51:54,4.715763093683902
D2,Tripping In,-2.3552116423632503,16,6.671139498883231,54.22599417869682,0.32814082616666695,2022-03-22 19:43:50,4.71970597061078
D2,Connection,7.936558023876087,79,5.385385149308961,45.730996763738105,26.23009069906754,2022-03-26 21:01:04,5.301249617328076
D2,Connection,2.480778098018222,9,10.987924288256307,60.82231208671427,33.912664793840165,2022-03-23 22:29:00,5.523621924598075
D2,Connection,-0.5011394696160476,32,11.612265326254937,59.30138346473822,15.355548835269186,2022-03-23 12:27:35,4.850334691021136
D2,Circulating,7.663854454840251,60,7.542411827390254,39.81600989110878,15.17101762040923,2022-03-22 12:28:45,4.818647075761047
D2,Static,4.271582185938313,143,6.559053851663473,49.34952821496563,19.390277105181298,2022-03-23 03:54:20,5.210117179626738
D2,Tripping Out,-1.8733167593493247,35,5.43969576301444,54.20508499055571,27.540753894547514,2022-03-23 19:35:25,4.345415549005181
D2,Tripping In,-1.3470019298064626,43,10.861727695615635,47.888048053919775,14.840881235443726,2022-03-26 00:12:34,5.0811438095194035
D2,Tripping In,1.432395792799121,88,5.557204703761822,59.68540437244252,26.733204727273346,2022-03-26 01:10:54,5.234209968917622
D2,Circulating,3.189429817033605,15,19.174156992317368,52.59446985719812,22.523001528200698,2022-03-23 03:40:15,5.29397021304345
D2,Tripping In,4.289872663530432,77,7.317709848878856,54.97023301808298,40.22688183873767,2022-03-23 03:40:15,4.07543838194429
D2,Connection,5.396691103521383,105,-1.6925490816729543,49.233264916841726,14.799593990443249,2022-03-22 15:51:40,4.622732435700923
D2,Tripping Out,4.008493137656877,49,9.017462501959962,33.198748367677986,-0.770328228985715,2022-03-25 08:47:19,4.568297193491904
D2,Rotary Drilling,6.7374267419435245,98,8.825795550565505,32.62352801615156,4.362449866397757,2022-03-24 13:08:00,5.0237480709644675
D2,Tripping In,2.6129479956148334,71,14.123700519441396,59.20449830502704,18.018704062959948,2022-03-25 16:19:59,5.20108478099034
D2,Connection,-0.3839483721101713,33,10.440808464989793,55.95535104745245,27.621055476290095,2022-03-22 23:58:35,5.674143544640954
D2,Rotary Drilling,2.1729504197827794,53,5.423686953258272,57.68465330407621,11.738732632751217,2022-03-25 11:40:54,4.746770096229388
D2,Tripping Out,1.951065874244021,46,7.871711954294939,54.621858798313134,15.723291088733703,2022-03-23 23:42:30,4.745556204334156
D2,Rotary Drilling,-6.53228308380333,57,10.616518998161377,55.42830771179723,24.37879754295336,2022-03-26 10:29:14,5.512553905932211
D2,Connection,0.2863814863184322,66,-0.5276602819370471,63.024706112887635,8.783007288593945,2022-03-23 07:40:25,5.115331781927896
D2,Static,3.2465552255632266,82,15.13835284090426,57.74463428168717,12.128512626070176,2022-03-27 01:17:34,5.567488069313953
D2,Static,0.7500695797133092,79,5.435605475464159,63.74850516797482,6.869121763922655,2022-03-21 06:53:26,5.111677123835928
D2,Rotary Drilling,-0.00045837653988112237,-30,15.48903614461544,54.994290305500485,29.04206008713078,2022-03-26 06:16:29,4.438456184164716
D2,Circulating,5.265506362569653,57,10.907385080157173,50.24343409744686,32.47718057767945,2022-03-24 20:52:00,4.356500775840611
D2,Rotary Drilling,-0.9144256861568709,5,11.967764663470888,55.223263051216826,2.9780240318018443,2022-03-24 06:36:15,4.254815844895693
D2,Tripping In,4.59016938278808,50,14.29230694683989,44.84865811438595,16.5620884452536,2022-03-26 22:52:09,5.285505913621064
D2,Tripping In,-2.3215313078262474,56,11.715280817196058,49.443322157384756,31.20675979360726,2022-03-21 06:22:41,5.5306782554452125
D2,Static,11.518004048971488,97,12.161355656500977,55.05580476137507,21.674256043478604,2022-03-24 04:52:00,5.838346895494173
D2,Circulating,1.4550785748281552,59,8.417154567547438,54.92236438144502,13.281888373602786,2022-03-25 05:00:19,5.369808890531576
D2,Connection,1.0913674241702904,70,10.816624557991137,52.19638989819637,3.292315611118621,2022-03-23 09:31:40,5.5186845805964255
D2,Tripping In,6.048814747750399,90,6.525244001717136,39.29066141715656,28.803091117579193,2022-03-22 23:41:55,4.707168320329486
D2,Static,0.7687005180032462,106,7.616736711240961,59.675713932089344,21.313395681755985,2022-03-26 05:19:44,4.438782494857638
D2,Tripping Out,7.103173392419368,56,17.937990897092106,61.66749467534398,3.9839406172703935,2022-03-26 01:02:34,5.373056157095507
D2,Static,3.4405825960142913,64,5.538349554451221,69.81773373301297,29.152293292349157,2022-03-23 22:37:20,5.1717207064624295
D2,Tripping In,1.7839935467399208,61,9.84244870623347,57.71600515509927,2.7796492284213397,2022-03-22 21:55:30,5.02726699220362
D2,Tripping In,1.4235677704288392,40,9.659786604871538,53.282609528149,15.822024905925614,2022-03-25 13:53:19,5.157607961562289
D2,Static,6.266968445921143,32,7.762768711028879,43.06799035100948,15.404941163329642,2022-03-23 02:16:30,5.127721376686063
D2,Connection,2.9635221481587846,-24,11.4526504443442,68.29058604216178,33.2021959239214,2022-03-25 10:18:49,5.575015054617387
D2,Rotary Drilling,3.645850630685895,21,11.789467188771402,55.763249125632775,15.438669172869806,2022-03-23 11:40:25,5.580215488607192
D2,Tripping In,4.0133259499453855,-5,5.012358278872932,55.21490915999192,15.404676680929974,2022-03-23 04:11:00,5.230640667297538
D2,Static,2.633716649855604,107,9.605623417020546,50.70987255064619,5.022743357830445,2022-03-25 17:29:59,5.371064931843125
D2,Static,3.9418897636141303,67,4.3123153851612175,50.066347378103096,11.853204867262809,2022-03-23 00:28:50,5.216598451355011
D2,Circulating,1.7842453453074347,56,12.678568026499713,60.197848917740686,10.181244419232192,2022-03-23 02:50:10,4.762506230740733
D2,Rotary Drilling,2.015883646638605,34,9.941588038204328,42.98330129262506,10.673416532089561,2022-03-24 12:14:55,5.32951342459696
D2,Tripping Out,-1.5992816478280867,62,9.520540373668128,69.63389282049246,17.965362161231642,2022-03-22 11:15:25,4.327926919218856
D2,Connection,3.1909622623741827,29,12.099400269933083,67.43986651578963,-5.1008067623433,2022-03-23 17:04:10,5.467956156806017
D2,Tripping Out,-3.629232775274108,67,7.9203715813659,49.70294769242174,3.631927967232958,2022-03-24 11:51:05,4.421038877885447
D2,Rotary Drilling,3.1429468064324873,70,13.239652379728865,44.569888917382976,16.85666175419513,2022-03-22 15:16:10,5.1103153037834685
D2,Rotary Drilling,1.235558263227539,29,4.911182042317576,32.97736597928375,19.052009801775647,2022-03-24 11:51:05,4.583713698108729
D2,Rotary Drilling,3.4506956645866755,28,15.465929305269485,40.66776732355716,15.699658885976467,2022-03-23 11:27:10,5.234909808051363
D2,Tripping Out,-1.3616531441904374,96,6.688849966450919,60.617157919036764,17.520391909704646,2022-03-23 04:44:20,4.961441817282346
D2,Rotary Drilling,-4.980952332863538,58,1.5675079666725447,56.44297648377109,14.039172321178158,2022-03-26 01:10:54,4.234680506671424
D2,Static,0.9980558759367528,32,7.683259193356171,58.23834535200814,17.73106616648555,2022-03-22 22:25:00,5.173126370928631
D2,Tripping Out,-1.3517957144085,47,7.1760148415341565,34.685284542815694,22.009285927129486,2022-03-24 04:43:40,4.708144062838559
D2,Rotary Drilling,-3.835517688099161,23,7.649546386334746,49.28253803609333,21.9430447307034,2022-03-26 08:03:19,5.387521899883302
D2,Static,4.780716240425031,58,10.188252455796624,67.03456417330578,11.39423006801012,2022-03-25 09:19:39,4.977855513150268
D2,Circulating,7.597827122789666,91,14.061649709526833,52.30101864365659,26.555038742130442,2022-03-22 10:38:00,5.161356009639975
D2,Rotary Drilling,-0.510094872745066,59,8.295123095023264,40.45752397732148,19.39088623281718,2022-03-25 13:11:39,4.531370501267408
D2,Tripping Out,1.92810933155858,148,6.059647366708155,52.14419923469133,29.552310851857932,2022-03-25 21:36:29,4.702830607941815
D2,Tripping In,1.1437018913017527,76,4.1147561973433975,45.50473992352546,31.448846976760414,2022-03-25 03:29:29,4.76368477147545
D2,Rotary Drilling,-0.043358198647238666,69,7.058789951810063,56.62760844400526,4.269941746383747,2022-03-26 21:01:04,5.3761400581837275
D2,Tripping In,4.428275855124673,27,0.710517605135653,53.47475620619897,9.786811074215061,2022-03-24 01:47:30,5.758266409913955
D2,Static,5.599417009347398,52,5.90977460647156,58.73818731899015,25.5952637600406,2022-03-26 05:19:44,4.602330400311051
D2,Circulating,-0.7523523008461304,32,14.715469907079962,41.00497089681551,2.170128750411264,2022-03-23 01:23:00,5.478645312783954
D2,Connection,2.3356293197191764,-20,5.470532823318602,48.74989372426529,31.328854961564822,2022-03-26 03:53:59,3.9669828858977256
D2,Circulating,6.52709404365967,97,11.963837241997188,64.24715794294133,14.655739510611873,2022-03-26 10:46:04,4.4211941817237586
D2,Rotary Drilling,4.51380796928587,41,3.667871463485848,39.63203756473935,23.340924274927655,2022-03-26 15:23:09,4.530807327671145
D2,Tripping In,5.016409459602581,32,17.072265537977955,43.167846718074586,16.80588995211427,2022-03-24 00:57:30,4.347476813710184
D2,Tripping In,6.809233748629553,68,17.36968479749345,55.27455756928111,4.745706879669994,2022-03-26 08:43:59,4.239880402125477
D2,Tripping Out,6.7648089094273,79,11.795278055134798,56.154890352624,27.882509401709132,2022-03-25 12:46:14,5.169540726162171
D2,Tripping In,5.661966708600844,49,18.0567494136015,48.3458034246882,43.90459433378474,2022-03-22 14:19:45,4.877563036452268
D2,Tripping Out,2.6742910191873452,60,10.743396630455438,50.46443078312248,13.038330648728877,2022-03-22 12:28:45,5.1538987566996415
D2,Static,0.8911611068323013,88,12.588992316795427,58.63678430788298,14.859171577652841,2022-03-23 12:27:35,5.2987393634492195
D2,Connection,2.534122120519046,47,14.795424560632632,61.822619214691244,-7.1321664259770365,2022-03-24 12:29:15,5.100916067270337
D2,Rotary Drilling,0.3775298152585216,72,9.956036873463706,42.50220782904251,30.67977779582676,2022-03-23 20:43:40,5.283509008327996
D2,Tripping Out,-4.416788047626178,-1,2.2105515851696493,56.93611835805889,26.52357055158255,2022-03-24 05:27:30,4.944862291209071
D2,Connection,1.2393345060203877,14,12.680422622808528,68.49194142093167,1.5227776036116545,2022-03-25 00:34:25,4.42454482287652
D2,Tripping In,3.393022181180676,83,7.042348238469177,52.101007181960654,-1.610430500733262,2022-03-22 23:50:15,5.469782629458643
D2,Tripping In,0.19880879411946473,13,7.374731775706088,42.395303416013135,-0.5173177960524171,2022-03-26 12:18:49,4.702933091303589
D2,Connection,1.5325194683932306,69,10.48449147622254,41.92959783705436,24.003819918348157,2022-03-24 00:07:30,4.541601512309206
D2,Tripping In,1.6635040208651075,55,11.684644142265672,51.64947205467778,24.947296575228865,2022-03-26 04:34:19,4.8943952857262305
D2,Static,6.771609835602037,47,9.82374568011354,63.697536900253745,9.17901506092578,2022-03-23 08:35:35,4.552210947337242
D2,Static,0.9690753322894174,30,11.995200585582275,52.857531909079285,22.62475099138604,2022-03-23 22:54:00,4.78287235161957
D2,Connection,6.770854580408616,94,5.991499973927926,55.17321267920367,19.40760062636385,2022-03-24 09:31:25,5.137438236971625
D2,Tripping Out,-6.986247066293954,125,8.961422063921066,43.236015246635816,14.434690977902402,2022-03-25 21:19:49,5.139434750709055
D2,Tripping Out,6.741178819506117,72,12.949273094686522,63.166617123566006,27.07583956444799,2022-03-26 16:04:04,4.559186402165018
D2,Connection,6.570616012595777,72,17.079846379159413,41.73258678755363,6.517439389828791,2022-03-22 12:19:00,4.750150581425045
D2,Tripping Out,5.234667854103057,35,18.66125279630306,48.1882619280603,28.752002225259695,2022-03-24 16:40:30,5.477474201578099
D2,Tripping Out,-4.617715845440973,16,11.088542224410988,59.6103208383328,11.020296551875157,2022-03-26 03:53:59,5.208374385849774
D2,Static,5.628984359675995,59,12.908689250977119,32.73344634392023,34.74426894761945,2022-03-25 20:54:49,5.9434397351877735
D2,Tripping Out,2.014833744147496,24,18.013492304104325,55.01945511767163,8.404250828680548,2022-03-23 17:52:50,5.526735043301631
D2,Circulating,-6.367033881781952,-5,6.152577011895051,42.8057602950533,14.583058093071392,2022-03-23 00:28:50,5.510049333909971
D2,Rotary Drilling,6.573224653491282,90,11.968237399526423,53.43452184247544,18.459703575688966,2022-03-23 10:01:20,4.331012389731593
D2,Tripping In,7.066813253160626,92,12.588213497431703,49.72314491212951,18.400455607915703,2022-03-24 21:00:20,5.332910471737
D2,Circulating,-4.254592391688759,29,15.626844554980856,74.47093098861272,22.545059851057786,2022-03-24 00:24:10,4.952510402198343
D2,Tripping Out,2.7773517342957907,69,4.067380026174505,49.30966747957152,5.754255798892936,2022-03-21 00:13:26,4.720687513664873
D2,Static,6.8788989361517325,98,4.951602512068596,71.82101311885322,17.553303021132574,2022-03-25 23:06:54,5.055470328968624
D2,Connection,6.343271356403002,68,9.247998119622299,59.17774316981264,19.211524042968648,2022-03-23 08:05:25,5.417352058322891
D2,Tripping Out,5.010877078111079,16,10.84148288368951,45.198232759650736,12.918012752175358,2022-03-22 22:46:35,5.210437789174251
D2,Static,-6.765688418640517,52,14.173539806161688,56.59873002750466,21.72494887381842,2022-03-23 19:22:50,4.5681991569052585
D2,Rotary Drilling,4.65075462600857,110,11.466704409199572,50.20287727483228,5.180664142242035,2022-03-24 23:29:39,5.322945433992506
D2,Tripping Out,1.4469024211402464,70,8.4753015636931,55.706104301435126,14.820464232482767,2022-03-21 07:13:01,4.680361744351021
D2,Connection,5.551125164091763,80,11.014690348393485,46.079929392104575,10.787196725450052,2022-03-22 11:15:25,5.0781312477390586
D2,Static,3.050322941894766,73,10.498575493658223,70.28579924699068,14.849035923267822,2022-03-25 16:19:59,4.835990961586406
D2,Static,2.1170624482732303,29,16.955644891134092,62.58545578981192,31.58270972783684,2022-03-26 05:11:24,4.875328711276773
D2,Static,4.351079651274619,37,9.893166380379899,53.58789013793348,31.766261588706477,2022-03-21 00:34:56,5.334019879999064
D2,Rotary Drilling,1.6030657130140293,73,7.439332376088129,70.67784596624595,29.913384209870337,2022-03-22 13:10:50,4.492898371576916
D2,Tripping Out,2.102201344161662,91,11.162917783276647,54.015786914087755,13.536909989053632,2022-03-23 03:54:20,5.882969074228106
D2,Rotary Drilling,0.3071495807736975,101,10.039957449188003,64.3195582455756,26.484374486563375,2022-03-26 05:53:05,4.129295621046561
D2,Tripping In,-3.243369432853558,29,2.127306117885082,53.653528253612,18.967961250920006,2022-03-26 20:40:09,4.698949415849954
D2,Tripping In,4.104107213449659,76,9.082390423110242,57.23383072339576,18.336857515010074,2022-03-24 21:08:39,5.149618032633572
D2,Tripping Out,-0.5407892267295296,104,8.701906998867996,52.4479072723625,17.174777966003184,2022-03-25 10:34:34,5.249309336665237
D2,Rotary Drilling,1.5054318235108353,24,6.72032797183293,54.22745244196827,34.52575993118167,2022-03-22 10:52:55,4.930454264493799
D2,Connection,3.154495414369952,116,13.783243224094232,54.984926598095434,30.815272580779098,2022-03-25 22:58:34,4.95051571202318
D2,Static,-4.8655310101641716,121,5.6390262922417556,46.524555118782416,24.946398665757762,2022-03-23 02:02:30,5.168400491961709
D2,Static,-4.108664149997625,158,11.189791114193284,49.22964663084068,16.2963533550834,2022-03-23 10:01:20,4.869646588202006
D2,Tripping Out,1.1709077350247616,69,8.491204106374408,51.08544733319704,18.27987456194577,2022-03-25 01:40:54,5.625937817504006
D2,Tripping In,3.721090628927502,69,9.633966630170605,55.580784364344275,22.92064702546457,2022-03-25 00:17:45,5.368059902683734
D2,Tripping In,4.699761765703787,91,10.993784269245982,52.959999462913835,12.975944329514439,2022-03-26 09:30:54,5.383646799102709
D2,Static,-3.195718043851227,90,3.3052476818086802,65.07881519217534,26.774513252634307,2022-03-26 00:45:54,4.527371824373013
D2,Tripping Out,4.336635421669648,102,10.009440372646358,61.79727946551867,9.1987577959598,2022-03-24 03:23:25,4.940273030028289
D2,Rotary Drilling,1.3557353390586462,89,19.387964016902153,51.29112550939638,21.60949870408981,2022-03-20 22:04:11,4.837333878460152
D2,Tripping In,-0.8015438721098977,57,2.19093904409456,67.18067214263492,-3.7354261358752936,2022-03-23 23:25:50,4.50900542074965
D2,Rotary Drilling,-0.008378000595133273,106,8.894774472015284,72.12679229815363,12.701758141469206,2022-03-25 01:40:54,5.144939572742018
D2,Tripping In,4.895239399046255,21,14.175218368665469,32.68919641125537,37.5432589403401,2022-03-22 16:00:40,4.726897105706852
D2,Tripping In,3.1106519520612306,61,10.5011457240636,62.65484928169793,27.699592293565768,2022-03-25 23:55:54,5.282410438461412
D2,Circulating,2.354358070272691,118,12.228792809532948,46.29043379947161,32.41853966352312,2022-03-23 03:40:15,4.4789306354855345
D2,Tripping In,3.0075020306331353,14,-1.470982037866973,61.33039038402568,11.598863429941858,2022-03-25 04:28:20,5.777665975436803
D2,Connection,5.322039536304478,35,11.827598989589779,65.7353495263849,18.8867790381282,2022-03-23 02:58:30,4.559883632208717
D2,Tripping Out,1.8560000383147282,85,5.746309589688682,44.437706603656935,30.022793536754698,2022-03-23 22:45:40,5.0793508203927535
D2,Tripping Out,2.3679232742228087,75,10.538073529667283,34.61734628741079,23.889699950138205,2022-03-25 07:05:49,5.345947477954274
D2,Rotary Drilling,6.032264931710697,28,9.020757888044837,61.679634333937216,22.71270577660878,2022-03-26 20:11:29,4.711533971911422
D2,Tripping In,1.0632342302635467,45,19.340498892512425,54.63121907814906,33.31751104991551,2022-03-25 15:06:34,5.374168679273054
D2,Connection,4.2741204800744566,17,11.597062597733778,36.46886471378421,8.072038403910213,2022-03-26 02:26:14,4.404900020071168
D2,Rotary Drilling,0.4813293978852724,97,8.648757739565976,78.7373422723204,16.164626229167066,2022-03-26 23:00:29,5.653380079114619
D2,Circulating,0.7782936807584953,51,2.401426542578869,59.55498874786966,1.3271141855754927,2022-03-25 23:23:49,4.983826486732566
D2,Rotary Drilling,1.832502483325283,127,9.694120033488295,60.014933744247685,7.555500243676697,2022-03-25 19:57:39,4.699534368628285
D2,Rotary Drilling,3.9263399674349744,63,12.833649186599299,67.01991365930857,28.058693994628303,2022-03-20 23:03:01,4.837931822636081
D2,Tripping In,6.221630530780532,52,8.792175155154993,47.41974277901981,9.23557962099269,2022-03-24 22:14:15,5.353891015910778
D2,Circulating,2.510684364744356,49,6.891217837557857,54.581395371480184,24.85781706853574,2022-03-22 22:08:20,4.705101431372885
D2,Rotary Drilling,-2.886445957760892,51,6.591922815918142,39.98402094648112,33.581238676552815,2022-03-23 17:52:50,4.628318805231923
D2,Connection,4.319105063738421,65,11.545396595191217,47.14663410958029,16.224169792041756,2022-03-26 02:17:54,4.874085332345107
D2,Connection,10.480354056453296,153,12.548169006249433,57.150989461659755,22.819485394571064,2022-03-23 05:57:35,4.429215632340298
D2,Tripping Out,2.5516723405284485,48,15.239362242694135,36.50062229890886,24.931424660098923,2022-03-25 22:50:14,5.824928414761372
D2,Circulating,-3.5928096245389627,49,4.703000022507032,46.861275807694284,6.360926600637672,2022-03-26 23:47:24,4.713510939331359
D2,Circulating,2.757850357285214,63,11.504418105387298,43.924792766213905,12.079525686807099,2022-03-25 21:53:39,5.364459539907359
D2,Tripping Out,2.1740940483441493,101,8.608153766536342,54.698576363397976,8.419796870365678,2022-03-25 03:13:44,5.074772680476224
D2,Rotary Drilling,1.8897771879936616,8,8.739934871422747,59.05439110592455,12.833091539715099,2022-03-22 19:35:30,4.518814887312971
D2,Circulating,5.380569246426263,77,10.949243769100251,60.74041213495458,24.67432862946733,2022-03-22 13:27:00,4.97446558018409
D2,Connection,6.8440209439593,30,10.975315809264837,63.32468592128475,12.280424455239274,2022-03-23 14:11:35,5.342289283183577
D2,Connection,4.495380782687622,81,11.516896712055694,67.08333741040272,17.573710658364195,2022-03-22 22:25:00,4.889579115805483
D2,Tripping In,1.7344296481199029,42,4.42364451850144,59.38206913878627,8.053072413489248,2022-03-23 00:06:55,5.532781073663148
D2,Circulating,5.9900314901667695,-25,5.799419565681764,72.27092865445915,29.49756936938579,2022-03-23 11:10:30,5.452881017884798
D2,Rotary Drilling,-2.8661362724155275,74,15.796801318488459,54.47112697901489,12.75382241755575,2022-03-21 00:34:56,5.405107675128244
D2,Tripping Out,-0.23659986344902917,74,8.166039327657424,51.52277029789253,32.30050951435412,2022-03-27 01:09:14,4.763210702145959
D2,Tripping Out,0.14012276198394602,39,10.520799699270334,59.38269248936887,18.48183872218996,2022-03-20 22:38:31,4.4744369452958885
D2,Rotary Drilling,2.079639680940267,37,13.86857757749228,51.08890937349507,4.607619076690865,2022-03-22 12:45:30,4.691536707208948
D2,Static,3.8974736172763973,12,11.22478004512869,71.92082782483365,16.28949359024097,2022-03-24 11:17:40,5.06861286500578
D2,Tripping In,1.5056986325099466,89,11.596290360190398,64.6554353926984,7.861061930610573,2022-03-25 02:22:34,5.231370003726713
D2,Tripping Out,-0.8788928394670501,93,13.152702584855021,60.822223825595884,23.47623607922457,2022-03-27 00:17:39,3.9661009987902873
D2,Circulating,5.480102801470389,28,-0.31279091142940807,54.59111401213139,15.43567689846321,2022-03-24 06:23:00,4.9734605328509875
D2,Tripping In,1.3882351087931168,40,6.961451926214945,49.16512125733363,19.448555513700043,2022-03-23 22:45:40,5.050848484748215
D2,Circulating,2.529561878395503,58,11.247866413224934,60.32932885717762,14.414999562334486,2022-03-25 11:07:54,4.848006784156935
D2,Connection,4.047357166628286,145,15.35756911649807,41.9194733159575,12.65711106526126,2022-03-25 10:10:09,5.578487208155422
D2,Tripping In,2.3157186117730664,81,9.447944658642879,68.71695225516369,8.703714267243225,2022-03-20 18:16:41,5.173629451963234
D2,Tripping Out,2.3305743647353787,25,5.3750286887809935,51.47931826486036,25.809576965709567,2022-03-25 22:33:34,5.58729592801464
D2,Tripping In,5.668156337309606,72,5.4941130095430974,56.33992197129538,16.269396210575408,2022-03-27 00:09:19,4.87668169152397
D2,Tripping In,2.696036855160131,9,13.104781274680775,44.1093812568031,14.931642918709587,2022-03-24 06:44:35,5.413750897440968
D2,Tripping In,5.10126729028552,87,8.17855521843249,60.54742978859769,16.032532523813703,2022-03-25 22:50:14,5.738565506885531
D2,Static,4.025718701858166,123,9.120185653574628,48.699298011555214,11.489658884219065,2022-03-25 14:41:34,5.587995082651927
D2,Tripping In,9.003075545051065,123,11.90263847596631,59.804787181671905,14.963206099175622,2022-03-23 13:39:50,4.4687101595366245
D2,Circulating,3.5684449870265764,88,-3.822481642821616,60.89386596761289,19.849486634792342,2022-03-22 21:00:40,4.85912039726618
D2,Connection,4.341171799365836,39,18.097508934862176,46.74707078031375,8.131753059949167,2022-03-20 21:42:16,4.816521034150898
D2,Rotary Drilling,5.908816448767256,12,5.88320914565123,41.955401805442335,9.500197598761332,2022-03-25 15:55:00,5.205047226209672
D2,Tripping In,2.3993613802730533,9,10.234259315920003,68.69214681098754,30.932901889574353,2022-03-25 13:19:59,5.2968213943446525
D2,Tripping Out,0.02779291092092029,-44,1.5294179144263707,51.33168752926009,14.477347524732734,2022-03-23 20:35:20,4.586629106655588
D2,Tripping In,0.5812636339169726,86,7.26288775319515,55.53182827477731,12.692852101173877,2022-03-25 23:23:49,5.008825526107958
D2,Tripping Out,0.6138504927151189,57,14.718305664239377,58.155892276117044,5.204277055871811,2022-03-25 09:45:09,4.03671022160745
D2,Circulating,-1.0286482231410985,94,0.5837779835804611,40.64474766058266,25.94619647292174,2022-03-23 17:29:25,5.648643422012032
D2,Tripping Out,3.2587311450286616,113,14.188458132784952,57.92634191974694,7.925814717469857,2022-03-24 06:01:40,4.738664147777255
D2,Rotary Drilling,0.05597754012581335,64,7.928484189129739,54.265967093196416,17.76142403970749,2022-03-25 16:03:19,5.003249868884429
D2,Connection,2.8430475724709505,66,11.330855871655048,46.78836674759787,1.760945569103633,2022-03-21 00:48:11,4.83305769069411
D2,Tripping Out,1.6478245542384475,43,12.092661644332885,41.62306526331947,25.638974972131656,2022-03-23 14:29:15,5.510856962922751
D2,Tripping Out,2.043563142396281,48,11.12630526250095,59.368376642350334,29.029093968017172,2022-03-23 00:37:10,3.656025210293454
D2,Connection,4.0642239022941595,87,5.284546620977079,64.62249596081361,22.485437928240998,2022-03-22 23:41:55,4.969504054422976
D2,Rotary Drilling,0.3521989972833719,54,7.522212828202065,55.0660668787752,3.4027286532322645,2022-03-25 05:16:59,4.927966414633606
D2,Tripping In,4.344274662578593,49,2.616680896896251,38.82467515642516,25.833576440300305,2022-03-25 07:05:49,4.766013941838137
D2,Tripping Out,7.483113628484615,60,11.351568492788104,42.62191319340254,10.086222768899184,2022-03-24 03:38:15,5.7810119230961705
D2,Connection,3.3442799079301793,93,16.763533167882784,48.916962413677155,6.838449637180338,2022-03-23 19:22:50,4.564075744207093
D2,Circulating,-0.4598697933368272,35,0.9939542601229139,69.02159323755328,14.281657525654612,2022-03-26 03:53:59,5.336605587995508
D2,Connection,0.10499493291422946,58,5.74649874478402,50.783429875110066,14.0935087900436,2022-03-22 14:07:35,5.143118330584236
D2,Circulating,1.3449393267302956,70,8.339530341752692,48.550006126920756,13.132464668946469,2022-03-26 03:53:59,5.564632738339733
D2,Rotary Drilling,0.17304373646589255,103,9.927520446131362,36.4180575420508,29.94417539049929,2022-03-24 23:52:44,4.66657853549591
D2,Tripping In,-1.1667537611932723,52,13.083831603617572,46.65592200534721,36.920862805617126,2022-03-25 10:59:34,4.635949830474477
D2,Connection,2.706307212508215,34,8.471783419914221,40.85381209949514,4.965483972994807,2022-03-25 00:17:45,5.487595439950596
D2,Static,1.4364439838018368,42,7.739496629153144,43.167163909683175,11.395421126832305,2022-03-25 02:05:54,5.175278337949047
D2,Tripping Out,2.825697255794502,99,14.08529782246056,54.475639360970284,19.25515840675501,2022-03-21 07:13:01,4.257877281715021
D2,Rotary Drilling,6.195278317237954,136,12.112655487611441,49.228684679492865,14.231985356865742,2022-03-23 18:33:40,4.726124514844178
D2,Connection,1.3852054885613727,12,11.562552611656422,70.37960759925755,21.680905838279728,2022-03-24 03:38:15,5.157147539406741
D2,Tripping Out,-1.823449234624185,20,9.655523581278938,64.12199412368966,26.563456458382777,2022-03-26 05:36:24,5.367321937534055
D2,Connection,0.8356831170441745,54,13.548784999344253,47.1372149267389,24.98864264969313,2022-03-23 22:37:20,4.660971684052839
D2,Circulating,4.788972100885743,65,6.217536416325074,44.036717737093426,23.66889853028943,2022-03-22 22:16:40,3.620288726351783
D2,Connection,4.472338678747994,90,5.607658431226975,67.1893114805959,33.58700865654346,2022-03-23 19:46:45,5.220863868311857
D2,Static,3.9377225985217477,27,12.488753188813137,69.9823772214759,2.8879289643668304,2022-03-22 11:07:05,4.409026808707849
D2,Connection,0.07223884155615679,21,1.8856415167413276,31.174641427164865,31.895304393947914,2022-03-21 08:24:41,4.0379155069392025
D2,Connection,4.726349952667266,66,9.564585341831105,54.20284723417065,14.002547323198819,2022-03-25 00:51:05,3.6584373865918627
D2,Static,5.4870294665503625,51,7.736815257467193,50.73180109639221,25.326623705919165,2022-03-21 05:01:56,5.356247817510888
D2,Rotary Drilling,-0.16683772379514927,95,2.866210544778495,59.803693213857784,8.174008829551822,2022-03-25 10:34:34,5.03712569897572
D2,Connection,2.0437369037706494,78,4.987994457499187,72.82805278644932,9.319253116084605,2022-03-21 00:13:26,4.872167059643221
D2,Static,9.01495727382642,81,8.665069476564682,48.394060973918485,24.164006570263094,2022-03-24 20:26:50,5.624002264611796
D2,Tripping Out,-0.31712549981448523,57,13.77599886358812,32.51931492297214,-0.32354885109277376,2022-03-24 04:18:30,5.273992341500942
D2,Circulating,-3.5803648135345147,148,6.232523010867435,59.09775138631702,27.257737263566717,2022-03-24 01:05:50,5.729827430326716
D2,Circulating,6.859673094611829,29,14.578310432146898,67.26303591403101,29.814587421343255,2022-03-26 10:12:34,4.328746230866049
D2,Connection,6.026970625717908,83,9.434903575190695,50.209421582120214,19.586308245764908,2022-03-22 20:26:10,4.96115061652644
D2,Rotary Drilling,0.6393407636603492,13,15.012084130381508,46.16907278986618,19.245826874651332,2022-03-23 08:05:25,4.224456591502089
D2,Rotary Drilling,1.8022708286491744,21,6.449252147675622,48.865252579267974,10.026799422201371,2022-03-26 02:01:15,4.87043216483356
D2,Tripping Out,-1.9570437169906993,38,8.934118533895163,61.82836205823145,24.280564287885877,2022-03-21 01:56:16,4.861476562343701
D2,Connection,2.485013593529849,121,10.80014584094108,48.69205530200355,21.19194340049428,2022-03-21 08:24:41,5.269005014243871
D2,Circulating,6.126059798145272,70,8.349658000803734,56.57808287981889,9.196297699965141,2022-03-23 08:05:25,4.998453907344545
D2,Rotary Drilling,0.34981307198599243,39,13.414060084428808,53.547830240356554,14.20586634987441,2022-03-23 16:54:30,5.267511989180139
D2,Connection,5.149630340610569,74,-0.7192720600459044,52.508915283263924,16.39999484987667,2022-03-24 17:49:00,5.304777326820259
D2,Rotary Drilling,3.7520604925018146,62,19.98475392152885,60.328999833728396,14.193369055038925,2022-03-25 15:55:00,5.980626216110695
D2,Static,4.137792042462532,42,12.988128757130474,48.449208501642836,5.024321121793562,2022-03-26 08:17:14,4.830428335457847
D2,Rotary Drilling,0.5469020181893296,9,8.376392905623494,48.93243952267136,24.512797744306148,2022-03-25 12:29:29,4.539074845657806
D2,Circulating,0.9853476762703675,114,6.6825426151250715,61.29872256594801,15.604409278148516,2022-03-23 16:54:30,5.091820844452008
D2,Tripping In,-4.059383279049269,68,5.277973340568023,43.33082582500684,18.05118472144817,2022-03-24 02:37:00,4.60367685865483
D2,Tripping Out,0.2684543431377686,141,12.039407945456015,44.405208872272866,12.440440765760183,2022-03-23 14:00:45,5.667275748693478
D2,Tripping Out,6.117850221812178,95,13.601683277749725,40.57815158684246,22.398021640779863,2022-03-23 21:17:25,4.8453649309342195
D2,Circulating,-0.9576544960842677,81,8.425607555762266,61.81633544871448,19.783952994270305,2022-03-26 00:04:14,4.713891924312755
D2,Rotary Drilling,-0.45380444037502654,44,14.102557434255445,52.20829022662703,29.368671082258853,2022-03-23 16:23:10,4.7577820078026125
D2,Connection,4.348665636743135,20,5.095349940377433,40.04148073571557,22.448372373040502,2022-03-23 15:58:10,5.311751122842354
D2,Rotary Drilling,3.5459788063543227,52,4.305860376070524,61.86464158568858,15.99027928139225,2022-03-26 12:18:49,4.903787351130713
D2,Circulating,4.516604090573429,19,17.261175628259398,47.67429780457789,10.914483818867598,2022-03-25 09:11:19,4.67846233181131
D2,Tripping Out,-1.7483961518672921,85,11.795667351444424,44.49121692096927,26.09056952966943,2022-03-25 04:02:49,5.75266719389311
D2,Rotary Drilling,10.85297717356923,121,15.398726555194575,51.29766007349953,15.235177911270284,2022-03-26 21:35:14,4.578584431465185
D2,Tripping Out,-1.9260018381420956,51,5.333784713496636,68.15672999412325,16.282964261329056,2022-03-22 14:28:50,4.993798681606327
D2,Connection,2.7057664006651057,95,5.022615521112625,49.29113091092295,16.28056318925045,2022-03-26 09:55:54,5.280968083021412
D2,Tripping Out,1.6478886140697862,35,7.5487741998060445,59.060810940115715,14.11014318746968,2022-03-26 01:44:34,4.217648350599707
D2,Tripping Out,-1.8275789870443306,49,5.467404227644743,60.58864864413822,16.445328612392917,2022-03-24 06:44:35,5.200859382157794
D2,Tripping In,0.9326563019471723,30,12.30659332341286,57.73108104891382,36.111634824852814,2022-03-24 17:49:00,4.485954065739448
D2,Tripping In,2.2630787374217527,-19,5.793540791712657,66.06594262206919,8.00240790608664,2022-03-25 09:19:39,5.360346208992674
D2,Static,-0.01318339283150971,59,3.9129775981813957,46.14814472944243,10.207626094296256,2022-03-23 07:40:25,4.529004170146615
D2,Tripping In,5.3528926585107595,65,9.78743861877153,42.76285473598519,30.989992394644815,2022-03-23 01:10:30,5.299808598694244
D2,Tripping Out,1.6378466426665743,100,3.3838976027894745,42.56518770361652,14.363476500963168,2022-03-23 10:18:00,5.4921414076530715
D2,Circulating,-2.3503706440725036,90,1.1056447487478707,51.81328016019945,13.646888333015985,2022-03-23 09:01:00,5.37834434655482
D2,Tripping Out,-2.6372387672065285,90,9.748274308453862,43.73235255298023,27.687044043584635,2022-03-23 14:45:55,5.094257473732874
D2,Circulating,4.23363308276112,24,1.330322432953852,54.753437403914376,4.482895885793692,2022-03-23 05:09:20,4.869538812165609
D2,Circulating,-2.842271323327786,77,12.619231494910268,54.04306481807042,25.66999149281096,2022-03-23 04:44:20,4.708843058840359
D2,Tripping In,3.254068626377969,119,2.9128105832558298,63.52360998612022,18.337110115755387,2022-03-25 23:15:14,5.662188297295617
D2,Rotary Drilling,3.6875921540367287,75,-0.8673316964660831,56.19933836249117,22.299069989342136,2022-03-26 13:12:29,4.651536001534983
D2,Connection,-1.1808689978770959,128,7.8385997068303865,49.07777837496691,22.1216530494049,2022-03-21 05:30:11,4.494354680860078
D2,Tripping In,5.195731980226517,135,9.79897164736876,57.40461225246416,11.970546891181115,2022-03-23 13:15:55,5.287050437375647
D2,Tripping In,-3.623325133823238,50,11.350131865740197,42.89516587397169,27.841292820020975,2022-03-23 23:59:10,4.60653729534363
D2,Rotary Drilling,3.186562703723476,35,9.921592147903,52.88386321517139,12.706302595684315,2022-03-24 00:32:30,4.53486522753878
D2,Connection,2.046144623983804,32,4.415410124260708,56.48384915051126,21.770225653557763,2022-03-23 20:11:45,4.30506046678665
D2,Tripping Out,1.7819647819328879,4,12.341007715431434,54.569952142178394,29.604393963118248,2022-03-24 06:52:55,4.752383500172096
D2,Static,-1.7980138694614944,41,13.445873660740578,57.44706083149527,30.938739233423483,2022-03-23 01:23:00,4.938724083204092
D2,Static,-0.9836525991609015,105,3.7605257757977784,46.78317815999375,15.381202311031043,2022-03-26 02:17:54,5.090427747718994
D2,Tripping Out,7.657207706963935,-21,8.342969724639863,64.86736089349623,22.28331559002785,2022-03-26 00:04:14,5.42018990557254
D2,Tripping In,6.292537276066909,22,7.925157522510622,71.61478153587385,14.50823279824197,2022-03-21 08:24:41,5.222574916984914
D2,Connection,4.69315665747509,56,10.137871880472668,37.131009355612974,41.57075020995621,2022-03-22 21:00:40,4.888363423560444
D2,Tripping In,5.361765641170086,28,8.23601616118048,41.02838699910632,25.279373314570325,2022-03-20 20:56:06,4.88495344131731
D2,Circulating,5.044524976065971,41,8.848850543165804,53.70168105892763,18.700447144488347,2022-03-25 05:16:59,5.214780148094534
D2,Tripping In,1.0910600270852489,41,12.022415578265772,50.68475331031341,20.86016451117362,2022-03-25 05:59:05,5.569778314957896
D2,Tripping In,2.3452197281788796,51,4.171519199902277,72.36231737037839,21.753745875535166,2022-03-23 08:27:15,5.036053248501752
D2,Tripping Out,-2.794052257824042,33,12.449724492042378,55.48083536708339,22.033872470722116,2022-03-20 22:53:46,4.758799335773253
D2,Tripping Out,1.881031658514979,30,14.255233059096279,67.28902511857723,15.637605417673276,2022-03-24 16:40:30,4.514935325477378
D2,Tripping Out,6.185226497137726,95,16.459811763264717,32.63585649822332,14.178954451339251,2022-03-23 21:32:20,4.304315000629436
D2,Static,-0.049473570844881465,99,-0.4322023449821639,61.465527193285354,16.470712035957312,2022-03-22 15:16:10,5.287469842758234
D2,Circulating,5.643367208132973,9,8.334493455983427,46.063559362887005,7.1340961549176125,2022-03-26 19:18:39,5.246359305014329
D2,Tripping Out,2.493916950056491,-42,0.3649604888638365,45.90220072935197,24.6947790593907,2022-03-23 20:03:25,5.246072946519099
D2,Connection,-2.4994566900948225,100,-1.7365931062127054,50.767245789914,10.328598232169377,2022-03-23 20:52:10,4.917331226189261
